0,인디에프                                ,3195,2870,2,50,1.77,1,735,29.88,1,84.24,393477,0,51230,32229,2870,2865,244,1247,20190104
0,동부제철                                ,9930,7720,2,10,0.13,1,2290,29.97,1,79.77,16610,0,1456,2963,7730,7720,174,38,20190108
1,동부제철우                              ,53700,74200,5,700,-0.93,1,12350,29.87,1,74.63,206,0,141,104,74400,74000,2,1,20190108
0,동부제철                                ,12900,7720,2,10,0.13,1,2970,29.91,2,79.77,16610,0,1456,2963,7730,7720,174,38,20190109
1,동부제철우                              ,69800,74200,5,700,-0.93,1,16100,29.98,2,74.63,206,0,141,104,74400,74000,2,1,20190109
0,삼성출판사                              ,14800,18300,5,550,-2.92,1,3400,29.82,1,24.87,668917,0,33905,19831,18300,18250,614,766,20190110
0,웰바이오텍                              ,5390,2375,5,35,-1.45,1,1240,29.88,1,200.69,480705,0,12422,24273,2375,2370,487,50,20190111
0,한국내화                                ,7290,4750,2,10,0.21,1,1680,29.95,1,116.34,133297,0,11239,23288,4755,4750,1229,1195,20190112
0,한국내화                                ,7290,4750,2,10,0.21,1,1680,29.95,1,116.34,133297,0,11239,23288,4755,4750,1229,1195,20190113
0,한국내화                                ,7290,4750,2,10,0.21,1,1680,29.95,1,116.34,133297,0,11239,23288,4755,4750,1229,1195,20190114
0,유니온                                  ,5110,4365,2,20,0.46,1,1175,29.86,1,123.83,110195,0,13022,9831,4365,4360,1513,74,20190115
1,경농                                    ,15850,12850,2,100,0.78,1,3650,29.92,1,115.20,51688,0,17566,19202,12900,12850,2728,1618,20190115
2,한창제지                                ,3415,2995,5,30,-0.99,1,785,29.85,1,70.30,664159,0,54140,103077,3000,2995,5086,3842,20190115
3,성문전자우                              ,10350,11150,5,200,-1.76,1,2360,29.54,1,763.53,8258,0,1112,5100,11150,11000,47,129,20190115
0,한진중공업홀딩스                        ,3120,2700,2,5,0.19,1,720,30.00,1,66.79,4345,0,4037,2959,2700,2695,760,320,20190116
1,STX                                     ,16050,7640,5,30,-0.39,1,3700,29.96,1,27.24,11735,0,3437,2488,7640,7630,45,140,20190116
2,성문전자우                              ,13450,11150,5,200,-1.76,1,3100,29.95,2,763.53,8258,0,1112,5100,11150,11000,47,129,20190116
3,한진중공업                              ,1210,4350,5,15,-0.34,1,279,29.97,1,71.25,67424,0,9211,11464,4360,4350,21,967,20190116
0,도화엔지니어링                          ,12650,9630,5,120,-1.23,1,2900,29.74,1,85.63,51477,0,3071,9638,9630,9620,119,102,20190117
1,삼성출판사                              ,20300,18300,5,550,-2.92,1,4650,29.71,1,24.87,668917,0,33905,19831,18300,18250,614,766,20190117
0,대우부품                                ,2960,2380,2,80,3.48,1,680,29.82,1,743.47,4190138,0,128013,115348,2380,2370,13884,311,20190119
0,대우부품                                ,2960,2380,2,80,3.48,1,680,29.82,1,743.47,4190138,0,128013,115348,2380,2370,13884,311,20190120
0,대우부품                                ,2960,2380,2,80,3.48,1,680,29.82,1,743.47,4190138,0,128013,115348,2380,2370,13884,311,20190121
0,성문전자우                              ,20050,11150,5,200,-1.76,1,4600,29.77,1,763.53,8258,0,1112,5100,11150,11000,47,129,20190122
1,인지컨트롤스                            ,10150,4960,2,10,0.20,1,2310,29.46,1,76.53,35430,0,5194,3463,4960,4950,154,5,20190122
2,일진다이아                              ,40100,30750,2,200,0.65,1,9250,29.98,1,85.74,50881,0,13905,8776,30750,30700,213,1200,20190122
0,진흥기업2우B                            ,13300,13600,2,500,3.82,1,3050,29.76,1,2539.55,146253,0,4478,7302,13600,13550,130,492,20190123
1,경인전자                                ,33850,20750,5,450,-2.12,1,7800,29.94,1,295.90,4630,0,492,2990,20850,20750,162,108,20190123
0,파미셀                                  ,15450,8850,2,230,2.67,1,3550,29.83,1,99.83,1004206,0,54119,46326,8850,8840,6068,2580,20190125
0,우진플라임                              ,6820,3695,5,5,-0.14,1,1570,29.90,1,104.70,4775,0,2779,647,3695,3630,103,18,20190130
1,노루페인트우                            ,11600,12000,2,250,2.13,1,2670,29.90,1,116.51,1037,0,3454,1458,12000,11850,677,1,20190130
0,성신양회우                              ,12950,10500,2,50,0.48,1,2980,29.89,1,98.89,3326,0,1393,3267,10500,10400,47,130,20190131
0,용평리조트                              ,9250,6460,2,10,0.16,1,2130,29.92,1,77.53,74759,0,12060,30493,6470,6460,358,567,20190201
0,현대건설우                              ,226500,151500,5,1000,-0.66,1,52000,29.80,1,225.92,377,0,278,493,151500,151000,158,103,20190202
1,용평리조트                              ,12000,6460,2,10,0.16,1,2750,29.73,2,77.53,74759,0,12060,30493,6470,6460,358,567,20190202
0,현대건설우                              ,226500,151500,5,1000,-0.66,1,52000,29.80,1,225.92,377,0,278,493,151500,151000,158,103,20190203
1,용평리조트                              ,12000,6460,2,10,0.16,1,2750,29.73,2,77.53,74759,0,12060,30493,6470,6460,358,567,20190203
0,현대건설우                              ,226500,151500,5,1000,-0.66,1,52000,29.80,1,225.92,377,0,278,493,151500,151000,158,103,20190204
1,용평리조트                              ,12000,6460,2,10,0.16,1,2750,29.73,2,77.53,74759,0,12060,30493,6470,6460,358,567,20190204
0,현대건설우                              ,226500,151500,5,1000,-0.66,1,52000,29.80,1,225.92,377,0,278,493,151500,151000,158,103,20190205
1,용평리조트                              ,12000,6460,2,10,0.16,1,2750,29.73,2,77.53,74759,0,12060,30493,6470,6460,358,567,20190205
0,현대건설우                              ,226500,151500,5,1000,-0.66,1,52000,29.80,1,225.92,377,0,278,493,151500,151000,158,103,20190206
1,용평리조트                              ,12000,6460,2,10,0.16,1,2750,29.73,2,77.53,74759,0,12060,30493,6470,6460,358,567,20190206
0,현대건설우                              ,226500,151500,5,1000,-0.66,1,52000,29.80,1,225.92,377,0,278,493,151500,151000,158,103,20190207
1,용평리조트                              ,12000,6460,2,10,0.16,1,2750,29.73,2,77.53,74759,0,12060,30493,6470,6460,358,567,20190207
0,쌍용양회우                              ,7690,14850,5,50,-0.34,1,1770,29.90,1,83.30,15149,0,4529,4549,14850,14800,3,106,20190208
0,동부제철                                ,12000,7720,2,10,0.13,1,2740,29.59,1,79.77,16610,0,1456,2963,7730,7720,174,38,20190209
0,동부제철                                ,12000,7720,2,10,0.13,1,2740,29.59,1,79.77,16610,0,1456,2963,7730,7720,174,38,20190210
0,동부제철                                ,12000,7720,2,10,0.13,1,2740,29.59,1,79.77,16610,0,1456,2963,7730,7720,174,38,20190211
0,DSR제강                                 ,6170,4060,5,55,-1.34,1,1420,29.89,1,219.81,51520,0,3479,6142,4075,4060,413,19,20190213
1,DSR                                     ,5510,3955,2,20,0.51,1,1270,29.95,1,77.53,24107,0,1007,5804,3955,3945,77,30,20190213
0,현대건설우                              ,269000,151500,5,1000,-0.66,1,62000,29.95,1,225.92,377,0,278,493,151500,151000,158,103,20190219
1,현대비앤지스틸우                        ,84300,57000,2,500,0.88,1,19400,29.89,1,121.29,131,0,86,84,57000,56500,13,8,20190219
0,한창                                    ,2860,3450,2,80,2.37,1,660,30.00,1,98.76,1784166,0,112283,35332,3450,3445,2358,909,20190220
0,사조동아원                              ,1680,1040,5,5,-0.48,1,385,29.73,1,105.61,277555,0,124254,389967,1040,1035,3762,12232,20190222
0,카리스국보                              ,23200,3320,5,110,-3.21,1,5350,29.97,1,54.64,636299,0,14421,22970,3325,3320,761,759,20190313
0,금강공업우                              ,44500,8740,5,170,-1.91,1,10250,29.93,1,63.55,1864,0,781,595,8780,8740,44,104,20190315
0,카리스국보                              ,29700,3320,5,110,-3.21,1,6850,29.98,1,54.64,636299,0,14421,22970,3325,3320,761,759,20190319
0,금강공업우                              ,69600,8740,5,170,-1.91,1,16000,29.85,1,63.55,1864,0,781,595,8780,8740,44,104,20190320
0,금강공업우                              ,90400,8740,5,170,-1.91,1,20800,29.89,2,63.55,1864,0,781,595,8780,8740,44,104,20190321
0,BYC우                                   ,148000,126500,2,500,0.40,1,34000,29.82,1,154.50,57,0,314,350,126500,126000,59,1,20190322
0,동원시스템즈우                          ,27200,25950,2,50,0.19,1,6250,29.83,1,798.30,408,0,600,227,26000,25950,87,62,20190323
0,동원시스템즈우                          ,27200,25950,2,50,0.19,1,6250,29.83,1,798.30,408,0,600,227,26000,25950,87,62,20190324
0,동원시스템즈우                          ,27200,25950,2,50,0.19,1,6250,29.83,1,798.30,408,0,600,227,26000,25950,87,62,20190325
0,폴루스바이오팜                          ,2980,1225,0,0,0.00,1,685,29.85,1,0.00,0,0,0,0,0,0,0,0,20190326
0,국제약품                                ,5810,4725,2,180,3.96,1,1340,29.98,1,656.77,853653,0,28720,8878,4730,4725,7290,1292,20190328
0,부산주공                                ,712,454,5,2,-0.44,1,164,29.93,1,80.34,65298,0,22133,31724,458,454,516,3280,20190404
1,코아스                                  ,1785,1330,2,10,0.76,1,410,29.82,1,88.76,163445,0,44390,61911,1335,1330,1036,3815,20190404
0,에이프로젠 KIC                          ,3610,2245,2,45,2.05,1,830,29.86,1,105.66,4557100,0,200828,240038,2245,2240,16508,10566,20190405
1,이아이디                                ,249,251,2,2,0.80,1,57,29.69,1,78.21,2834925,0,1031352,1054614,251,250,53702,28548,20190405
0,동양네트웍스                            ,2635,850,5,10,-1.16,1,605,29.80,1,132.28,2660513,0,23315,124838,851,850,4472,31849,20190406
0,동양네트웍스                            ,2635,850,5,10,-1.16,1,605,29.80,1,132.28,2660513,0,23315,124838,851,850,4472,31849,20190407
0,동양네트웍스                            ,2635,850,5,10,-1.16,1,605,29.80,1,132.28,2660513,0,23315,124838,851,850,4472,31849,20190408
0,한진칼우                                ,21500,37550,5,1050,-2.72,1,4950,29.91,1,42.29,19190,0,811,3898,37800,37550,42,317,20190409
0,한진칼우                                ,27950,37550,5,1050,-2.72,1,6450,30.00,2,42.29,19190,0,811,3898,37800,37550,42,317,20190410
0,대한항공우                              ,23900,15350,3,0,0.00,1,5500,29.89,1,60.97,8194,0,5127,7020,15350,15250,652,5,20190411
1,남선알미우                              ,33650,36950,2,950,2.64,1,7750,29.92,1,172.37,16731,0,1793,1462,37000,36950,107,3,20190411
2,한진칼우                                ,36300,37550,5,1050,-2.72,1,8350,29.87,3,42.29,19190,0,811,3898,37800,37550,42,317,20190411
0,금호산업우                              ,29050,51000,2,2050,4.19,1,6700,29.98,1,602.74,17564,0,1934,1023,51000,50700,88,97,20190412
1,대한항공우                              ,31050,15350,3,0,0.00,1,7150,29.92,2,60.97,8194,0,5127,7020,15350,15250,652,5,20190412
2,한진칼우                                ,47150,37550,5,1050,-2.72,1,10850,29.89,4,42.29,19190,0,811,3898,37800,37550,42,317,20190412
3,아시아나IDT                             ,15700,18500,2,850,4.82,1,3600,29.75,1,237.43,251638,0,32180,22147,18500,18450,2457,7973,20190412
4,에어부산                                ,5990,6510,2,80,1.24,1,1380,29.93,1,108.95,722955,0,96291,47187,6510,6500,10156,9567,20190412
0,금호산업우                              ,37750,51000,2,2050,4.19,1,8700,29.95,2,602.74,17564,0,1934,1023,51000,50700,88,97,20190413
1,대한항공우                              ,40350,15350,3,0,0.00,1,9300,29.95,3,60.97,8194,0,5127,7020,15350,15250,652,5,20190413
2,한진칼                                  ,44100,29950,5,350,-1.16,1,10150,29.90,1,74.31,259134,0,20353,75133,30000,29950,1135,2441,20190413
3,한진칼우                                ,61200,37550,5,1050,-2.72,1,14050,29.80,5,42.29,19190,0,811,3898,37800,37550,42,317,20190413
0,금호산업우                              ,37750,51000,2,2050,4.19,1,8700,29.95,2,602.74,17564,0,1934,1023,51000,50700,88,97,20190414
1,대한항공우                              ,40350,15350,3,0,0.00,1,9300,29.95,3,60.97,8194,0,5127,7020,15350,15250,652,5,20190414
2,한진칼                                  ,44100,29950,5,350,-1.16,1,10150,29.90,1,74.31,259134,0,20353,75133,30000,29950,1135,2441,20190414
3,한진칼우                                ,61200,37550,5,1050,-2.72,1,14050,29.80,5,42.29,19190,0,811,3898,37800,37550,42,317,20190414
0,금호산업우                              ,37750,51000,2,2050,4.19,1,8700,29.95,2,602.74,17564,0,1934,1023,51000,50700,88,97,20190415
1,대한항공우                              ,40350,15350,3,0,0.00,1,9300,29.95,3,60.97,8194,0,5127,7020,15350,15250,652,5,20190415
2,한진칼                                  ,44100,29950,5,350,-1.16,1,10150,29.90,1,74.31,259134,0,20353,75133,30000,29950,1135,2441,20190415
3,한진칼우                                ,61200,37550,5,1050,-2.72,1,14050,29.80,5,42.29,19190,0,811,3898,37800,37550,42,317,20190415
0,한화우                                  ,28300,27400,2,450,1.67,1,6500,29.82,1,50.42,8628,0,1247,2030,27400,27200,40,20,20190416
1,SK네트웍스우                            ,70900,90500,2,1300,1.46,1,16300,29.85,1,166.58,3273,0,415,362,90600,90500,35,11,20190416
2,금호산업                                ,15100,12900,2,800,6.61,1,3450,29.61,1,321.52,260832,0,30249,29167,12900,12850,1256,4231,20190416
3,금호산업우                              ,49050,51000,2,2050,4.19,1,11300,29.93,3,602.74,17564,0,1934,1023,51000,50700,88,97,20190416
4,경인전자                                ,44900,20750,5,450,-2.12,1,10350,29.96,1,295.90,4630,0,492,2990,20850,20750,162,108,20190416
5,한화케미칼우                            ,15900,11550,3,0,0.00,1,3650,29.80,1,113.39,4223,0,1389,5154,11550,11500,100,21,20190416
6,한익스프레스                            ,7240,5000,5,20,-0.40,1,1670,29.98,1,54.22,62495,0,14044,1317,5000,4970,3790,110,20190416
7,아시아나항공                            ,7280,5500,2,170,3.19,1,1680,30.00,1,218.17,2663650,0,419523,108717,5500,5490,94402,21492,20190416
8,아시아나IDT                             ,23100,18500,2,850,4.82,1,5300,29.78,1,237.43,251638,0,32180,22147,18500,18450,2457,7973,20190416
9,에어부산                                ,9070,6510,2,80,1.24,1,2090,29.94,1,108.95,722955,0,96291,47187,6510,6500,10156,9567,20190416
0,한화우                                  ,36750,27400,2,450,1.67,1,8450,29.86,2,50.42,8628,0,1247,2030,27400,27200,40,20,20190417
1,SK네트웍스우                            ,92100,90500,2,1300,1.46,1,21200,29.90,2,166.58,3273,0,415,362,90600,90500,35,11,20190417
2,금호산업우                              ,63700,51000,2,2050,4.19,1,14650,29.87,4,602.74,17564,0,1934,1023,51000,50700,88,97,20190417
3,롯데지주우                              ,69000,48400,5,650,-1.33,1,15900,29.94,1,80.79,2162,0,500,644,48600,48400,146,4,20190417
4,CJ씨푸드                                ,3045,2980,2,60,2.05,1,700,29.85,1,84.54,261528,0,112299,36996,2980,2975,1027,4921,20190417
5,CJ씨푸드1우                             ,45150,31700,5,150,-0.47,1,10400,29.93,1,82.39,1019,0,762,655,31700,31650,99,3,20190417
6,청호컴넷                                ,4255,2950,2,35,1.20,1,980,29.92,1,64.14,30166,0,3117,2799,2950,2945,495,200,20190417
0,한화우                                  ,47750,27400,2,450,1.67,1,11000,29.93,3,50.42,8628,0,1247,2030,27400,27200,40,20,20190418
1,SK네트웍스우                            ,119500,90500,2,1300,1.46,1,27400,29.75,3,166.58,3273,0,415,362,90600,90500,35,11,20190418
2,한화투자증권우                          ,3150,2000,3,0,0.00,1,725,29.90,1,52.20,4668,0,2035,32825,2000,1985,904,114,20190418
3,동부건설우                              ,22250,18650,2,600,3.32,1,5100,29.74,1,67.97,989,0,754,1206,18400,18350,1,67,20190418
4,SK디스커버리우                          ,22100,14650,5,100,-0.68,1,5100,30.00,1,118.70,1580,0,3018,4844,14650,14600,419,571,20190418
5,한화케미칼우                            ,18000,11550,3,0,0.00,1,4150,29.96,1,113.39,4223,0,1389,5154,11550,11500,100,21,20190418
6,CJ씨푸드1우                             ,58600,31700,5,150,-0.47,1,13450,29.79,2,82.39,1019,0,762,655,31700,31650,99,3,20190418
7,대상홀딩스우                            ,8060,6080,5,30,-0.49,1,1860,30.00,1,706.26,12968,0,2644,5143,6080,6070,100,5,20190418
8,KC코트렐                                ,8690,7120,5,140,-1.93,1,2000,29.90,1,140.31,359958,0,2367,14398,7130,7120,1052,625,20190418
9,SK케미칼우                              ,33600,20800,2,50,0.24,1,7750,29.98,1,42.69,850,0,1512,801,20800,20650,192,199,20190418
0,금호산업우                              ,75000,51000,2,2050,4.19,1,17300,29.98,1,602.74,17564,0,1934,1023,51000,50700,88,97,20190419
1,동원시스템즈우                          ,32500,25950,2,50,0.19,1,7500,30.00,1,798.30,408,0,600,227,26000,25950,87,62,20190419
2,마니커                                  ,1130,839,2,9,1.08,1,259,29.74,1,130.60,6992156,0,247263,336243,840,839,48172,33392,20190419
0,코오롱글로벌우                          ,20700,17450,3,0,0.00,1,4750,29.78,1,117.45,1164,0,542,1477,17400,17350,1,103,20190420
1,한화케미칼우                            ,17450,11550,3,0,0.00,1,4000,29.74,1,113.39,4223,0,1389,5154,11550,11500,100,21,20190420
2,동원시스템즈우                          ,42250,25950,2,50,0.19,1,9750,30.00,2,798.30,408,0,600,227,26000,25950,87,62,20190420
0,코오롱글로벌우                          ,20700,17450,3,0,0.00,1,4750,29.78,1,117.45,1164,0,542,1477,17400,17350,1,103,20190421
1,한화케미칼우                            ,17450,11550,3,0,0.00,1,4000,29.74,1,113.39,4223,0,1389,5154,11550,11500,100,21,20190421
2,동원시스템즈우                          ,42250,25950,2,50,0.19,1,9750,30.00,2,798.30,408,0,600,227,26000,25950,87,62,20190421
0,코오롱글로벌우                          ,20700,17450,3,0,0.00,1,4750,29.78,1,117.45,1164,0,542,1477,17400,17350,1,103,20190422
1,한화케미칼우                            ,17450,11550,3,0,0.00,1,4000,29.74,1,113.39,4223,0,1389,5154,11550,11500,100,21,20190422
2,동원시스템즈우                          ,42250,25950,2,50,0.19,1,9750,30.00,2,798.30,408,0,600,227,26000,25950,87,62,20190422
0,한화우                                  ,49400,27400,2,450,1.67,1,11400,30.00,1,50.42,8628,0,1247,2030,27400,27200,40,20,20190423
1,한화케미칼우                            ,22650,11550,3,0,0.00,1,5200,29.80,2,113.39,4223,0,1389,5154,11550,11500,100,21,20190423
2,CJ씨푸드                                ,3640,2980,2,60,2.05,1,840,30.00,1,84.54,261528,0,112299,36996,2980,2975,1027,4921,20190423
3,CJ씨푸드1우                             ,53300,31700,5,150,-0.47,1,12300,30.00,1,82.39,1019,0,762,655,31700,31650,99,3,20190423
4,동원시스템즈우                          ,54900,25950,2,50,0.19,1,12650,29.94,3,798.30,408,0,600,227,26000,25950,87,62,20190423
5,동부제철우                              ,54100,74200,5,700,-0.93,1,12450,29.89,1,74.63,206,0,141,104,74400,74000,2,1,20190423
0,대한제당우                              ,17000,12700,2,100,0.79,1,3900,29.77,1,116.36,3776,0,2433,4076,12750,12600,70,101,20190424
1,대한제당3우B                            ,33800,26550,5,50,-0.19,1,7800,30.00,1,77.32,1560,0,409,325,26550,26500,5,148,20190424
2,우성사료                                ,4195,3190,2,90,2.90,1,965,29.88,1,293.66,2497940,0,20109,36191,3195,3190,1329,91,20190424
3,삼성중공우                              ,79100,56900,5,400,-0.70,1,18200,29.89,1,83.14,794,0,381,349,56900,56700,48,21,20190424
0,하이트진로홀딩스우                      ,12600,18600,2,500,2.76,1,2900,29.90,1,187.20,53871,0,2287,9058,18600,18450,3,67,20190425
1,대한제당우                              ,22100,12700,2,100,0.79,1,5100,30.00,2,116.36,3776,0,2433,4076,12750,12600,70,101,20190425
2,대한제당3우B                            ,43900,26550,5,50,-0.19,1,10100,29.88,2,77.32,1560,0,409,325,26550,26500,5,148,20190425
0,DB하이텍1우                             ,77700,36950,5,350,-0.94,1,17900,29.93,1,213.19,695,0,35,201,37100,36950,1,2,20190426
0,대창                                    ,1365,1200,5,15,-1.23,1,315,30.00,1,57.67,772697,0,275706,171283,1205,1200,64349,21754,20190427
1,이구산업                                ,2410,1575,5,20,-1.25,1,555,29.92,1,68.43,34648,0,10441,14993,1585,1575,765,2872,20190427
2,화인베스틸                              ,4465,3450,2,30,0.88,1,1030,29.99,1,93.62,244602,0,32978,21464,3450,3445,832,560,20190427
0,대창                                    ,1365,1200,5,15,-1.23,1,315,30.00,1,57.67,772697,0,275706,171283,1205,1200,64349,21754,20190428
1,이구산업                                ,2410,1575,5,20,-1.25,1,555,29.92,1,68.43,34648,0,10441,14993,1585,1575,765,2872,20190428
2,화인베스틸                              ,4465,3450,2,30,0.88,1,1030,29.99,1,93.62,244602,0,32978,21464,3450,3445,832,560,20190428
0,대창                                    ,1365,1200,5,15,-1.23,1,315,30.00,1,57.67,772697,0,275706,171283,1205,1200,64349,21754,20190429
1,이구산업                                ,2410,1575,5,20,-1.25,1,555,29.92,1,68.43,34648,0,10441,14993,1585,1575,765,2872,20190429
2,화인베스틸                              ,4465,3450,2,30,0.88,1,1030,29.99,1,93.62,244602,0,32978,21464,3450,3445,832,560,20190429
0,동성제약                                ,24950,18100,2,450,2.55,1,5750,29.95,1,137.88,755888,0,108068,68038,18100,18050,9717,5277,20190430
0,진흥기업                                ,2480,2430,2,165,7.28,1,570,29.84,1,1210.19,3142432,0,23289,17575,2430,2425,3616,10080,20190503
1,진흥기업우B                             ,5860,5440,2,220,4.21,1,1345,29.79,1,1177.76,217543,0,2958,3410,5450,5440,2,231,20190503
2,진흥기업2우B                            ,16250,13600,2,500,3.82,1,3750,30.00,1,2539.55,146253,0,4478,7302,13600,13550,130,492,20190503
0,진흥기업                                ,3220,2430,2,165,7.28,1,740,29.84,2,1210.19,3142432,0,23289,17575,2430,2425,3616,10080,20190504
1,진흥기업우B                             ,7610,5440,2,220,4.21,1,1750,29.86,2,1177.76,217543,0,2958,3410,5450,5440,2,231,20190504
2,진흥기업2우B                            ,21100,13600,2,500,3.82,1,4850,29.85,2,2539.55,146253,0,4478,7302,13600,13550,130,492,20190504
0,진흥기업                                ,3220,2430,2,165,7.28,1,740,29.84,2,1210.19,3142432,0,23289,17575,2430,2425,3616,10080,20190505
1,진흥기업우B                             ,7610,5440,2,220,4.21,1,1750,29.86,2,1177.76,217543,0,2958,3410,5450,5440,2,231,20190505
2,진흥기업2우B                            ,21100,13600,2,500,3.82,1,4850,29.85,2,2539.55,146253,0,4478,7302,13600,13550,130,492,20190505
0,진흥기업                                ,3220,2430,2,165,7.28,1,740,29.84,2,1210.19,3142432,0,23289,17575,2430,2425,3616,10080,20190506
1,진흥기업우B                             ,7610,5440,2,220,4.21,1,1750,29.86,2,1177.76,217543,0,2958,3410,5450,5440,2,231,20190506
2,진흥기업2우B                            ,21100,13600,2,500,3.82,1,4850,29.85,2,2539.55,146253,0,4478,7302,13600,13550,130,492,20190506
0,진흥기업                                ,3220,2430,2,165,7.28,1,740,29.84,2,1210.19,3142432,0,23289,17575,2430,2425,3616,10080,20190507
1,진흥기업우B                             ,7610,5440,2,220,4.21,1,1750,29.86,2,1177.76,217543,0,2958,3410,5450,5440,2,231,20190507
2,진흥기업2우B                            ,21100,13600,2,500,3.82,1,4850,29.85,2,2539.55,146253,0,4478,7302,13600,13550,130,492,20190507
0,태림포장                                ,6810,4790,2,15,0.31,1,1570,29.96,1,85.67,149238,0,32954,23987,4800,4790,7,1597,20190508
0,SK네트웍스우                            ,115500,90500,2,1300,1.46,1,26400,29.63,1,166.58,3273,0,415,362,90600,90500,35,11,20190509
0,대한항공우                              ,27000,15350,3,0,0.00,1,6200,29.81,1,60.97,8194,0,5127,7020,15350,15250,652,5,20190510
1,대창                                    ,1335,1200,5,15,-1.23,1,305,29.61,1,57.67,772697,0,275706,171283,1205,1200,64349,21754,20190510
2,금강공업우                              ,14150,8740,5,170,-1.91,1,3250,29.82,1,63.55,1864,0,781,595,8780,8740,44,104,20190510
3,한진칼우                                ,57900,37550,5,1050,-2.72,1,13300,29.82,1,42.29,19190,0,811,3898,37800,37550,42,317,20190510
0,대창                                    ,1735,1200,5,15,-1.23,1,400,29.96,2,57.67,772697,0,275706,171283,1205,1200,64349,21754,20190511
1,하나니켈2호                             ,1495,1195,3,0,0.00,1,345,30.00,1,51.10,108355,0,35125,59788,1195,1190,1407,1235,20190511
0,대창                                    ,1735,1200,5,15,-1.23,1,400,29.96,2,57.67,772697,0,275706,171283,1205,1200,64349,21754,20190512
1,하나니켈2호                             ,1495,1195,3,0,0.00,1,345,30.00,1,51.10,108355,0,35125,59788,1195,1190,1407,1235,20190512
0,대창                                    ,1735,1200,5,15,-1.23,1,400,29.96,2,57.67,772697,0,275706,171283,1205,1200,64349,21754,20190513
1,하나니켈2호                             ,1495,1195,3,0,0.00,1,345,30.00,1,51.10,108355,0,35125,59788,1195,1190,1407,1235,20190513
0,남성                                    ,2600,3460,2,115,3.44,1,600,30.00,1,176.75,2436672,0,34369,47792,3465,3460,4914,1329,20190514
0,남성                                    ,3380,3460,2,115,3.44,1,780,30.00,2,176.75,2436672,0,34369,47792,3465,3460,4914,1329,20190515
0,보해양조                                ,1550,1105,2,15,1.38,1,355,29.71,1,297.46,4221585,0,764354,649467,1110,1105,35917,115814,20190516
1,동부제철우                              ,47300,74200,5,700,-0.93,1,10900,29.95,1,74.63,206,0,141,104,74400,74000,2,1,20190516
2,덕양산업                                ,1700,1080,2,5,0.47,1,390,29.77,1,20.60,67236,0,32917,124970,1080,1075,26,1579,20190516
0,남선알미우                              ,48900,36950,2,950,2.64,1,11250,29.88,1,172.37,16731,0,1793,1462,37000,36950,107,3,20190517
0,유니온                                  ,5670,4365,2,20,0.46,1,1305,29.90,1,123.83,110195,0,13022,9831,4365,4360,1513,74,20190522
1,나노메딕스                              ,4445,12300,2,1600,14.95,1,1025,29.97,1,362.62,33113413,0,532624,202917,12350,12300,50274,13201,20190522
0,대한방직                                ,20650,19100,2,50,0.26,1,4750,29.87,1,90.72,3365,0,1681,3528,19200,19100,319,64,20190523
1,쌍방울                                  ,1225,1025,3,0,0.00,1,281,29.77,1,74.87,704942,0,420668,624339,1030,1025,50630,3548,20190523
2,DSR                                     ,5420,3955,2,20,0.51,1,1250,29.98,1,77.53,24107,0,1007,5804,3955,3945,77,30,20190523
0,유니온머티리얼                          ,3195,2610,2,15,0.58,1,735,29.88,1,90.68,549721,0,91000,68080,2610,2600,15594,1489,20190524
1,하나니켈2호                             ,2275,1195,3,0,0.00,1,525,30.00,1,51.10,108355,0,35125,59788,1195,1190,1407,1235,20190524
0,흥아해운                                ,392,355,5,6,-1.66,1,90,29.80,1,62.11,271838,0,89209,162315,356,355,30571,5192,20190525
0,흥아해운                                ,392,355,5,6,-1.66,1,90,29.80,1,62.11,271838,0,89209,162315,356,355,30571,5192,20190526
0,흥아해운                                ,392,355,5,6,-1.66,1,90,29.80,1,62.11,271838,0,89209,162315,356,355,30571,5192,20190527
0,금호산업우                              ,54600,51000,2,2050,4.19,1,12550,29.85,1,602.74,17564,0,1934,1023,51000,50700,88,97,20190529
0,한화우                                  ,37600,27400,2,450,1.67,1,8650,29.88,1,50.42,8628,0,1247,2030,27400,27200,40,20,20190531
1,SK네트웍스우                            ,109000,90500,2,1300,1.46,1,25000,29.76,1,166.58,3273,0,415,362,90600,90500,35,11,20190531
2,금호산업우                              ,67000,51000,2,2050,4.19,1,15400,29.84,1,602.74,17564,0,1934,1023,51000,50700,88,97,20190531
3,아시아나IDT                             ,22100,18500,2,850,4.82,1,5100,30.00,1,237.43,251638,0,32180,22147,18500,18450,2457,7973,20190531
0,체시스                                  ,2245,3520,2,120,3.53,1,515,29.77,1,120.65,5281788,0,28159,43376,3525,3520,4281,2964,20190601
0,체시스                                  ,2245,3520,2,120,3.53,1,515,29.77,1,120.65,5281788,0,28159,43376,3525,3520,4281,2964,20190602
0,체시스                                  ,2245,3520,2,120,3.53,1,515,29.77,1,120.65,5281788,0,28159,43376,3525,3520,4281,2964,20190603
0,백광소재                                ,5400,4360,2,70,1.63,1,1245,29.96,1,125.22,1013083,0,58628,7631,4360,4355,35010,579,20190608
0,백광소재                                ,5400,4360,2,70,1.63,1,1245,29.96,1,125.22,1013083,0,58628,7631,4360,4355,35010,579,20190609
0,백광소재                                ,5400,4360,2,70,1.63,1,1245,29.96,1,125.22,1013083,0,58628,7631,4360,4355,35010,579,20190610
0,이아이디                                ,299,251,2,2,0.80,1,69,30.00,1,78.21,2834925,0,1031352,1054614,251,250,53702,28548,20190611
0,고려산업                                ,3005,3610,2,15,0.42,1,690,29.81,1,92.95,966152,0,24876,48540,3615,3610,2003,3105,20190612
1,진흥기업우B                             ,6260,5440,2,220,4.21,1,1440,29.88,1,1177.76,217543,0,2958,3410,5450,5440,2,231,20190612
0,SG세계물산                              ,1270,968,2,3,0.31,1,292,29.86,1,70.13,401086,0,32671,86382,969,968,5062,6402,20190613
0,동성제약                                ,23650,18100,2,450,2.55,1,5450,29.95,1,137.88,755888,0,108068,68038,18100,18050,9717,5277,20190615
0,동성제약                                ,23650,18100,2,450,2.55,1,5450,29.95,1,137.88,755888,0,108068,68038,18100,18050,9717,5277,20190616
0,동성제약                                ,23650,18100,2,450,2.55,1,5450,29.95,1,137.88,755888,0,108068,68038,18100,18050,9717,5277,20190617
0,콤텍시스템                              ,2255,1315,5,5,-0.38,1,520,29.97,1,56.91,497120,0,140909,231219,1315,1310,2792,12084,20190618
1,이아이디                                ,455,251,2,2,0.80,1,105,30.00,1,78.21,2834925,0,1031352,1054614,251,250,53702,28548,20190618
0,키위미디어그룹                          ,201,150,0,0,0.00,1,46,29.68,1,0.00,0,0,0,0,0,0,0,0,20190619
1,나노메딕스                              ,9070,12300,2,1600,14.95,1,2090,29.94,1,362.62,33113413,0,532624,202917,12350,12300,50274,13201,20190619
2,평화산업                                ,2200,1270,2,10,0.79,1,505,29.79,1,69.71,80765,0,24546,108760,1270,1265,5250,1001,20190619
0,카리스국보                              ,3535,3320,5,110,-3.21,1,815,29.96,1,54.64,636299,0,14421,22970,3325,3320,761,759,20190620
1,미래산업                                ,209,174,5,1,-0.57,1,48,29.81,1,92.45,10017834,0,4153859,3491549,175,174,48039,370455,20190620
0,카리스국보                              ,4815,3320,5,110,-3.21,1,1110,29.96,1,54.64,636299,0,14421,22970,3325,3320,761,759,20190622
1,고려산업                                ,3925,3610,2,15,0.42,1,905,29.97,1,92.95,966152,0,24876,48540,3615,3610,2003,3105,20190622
0,카리스국보                              ,4815,3320,5,110,-3.21,1,1110,29.96,1,54.64,636299,0,14421,22970,3325,3320,761,759,20190623
1,고려산업                                ,3925,3610,2,15,0.42,1,905,29.97,1,92.95,966152,0,24876,48540,3615,3610,2003,3105,20190623
0,카리스국보                              ,4815,3320,5,110,-3.21,1,1110,29.96,1,54.64,636299,0,14421,22970,3325,3320,761,759,20190624
1,고려산업                                ,3925,3610,2,15,0.42,1,905,29.97,1,92.95,966152,0,24876,48540,3615,3610,2003,3105,20190624
0,카리스국보                              ,6250,3320,5,110,-3.21,1,1435,29.80,2,54.64,636299,0,14421,22970,3325,3320,761,759,20190625
1,남성                                    ,4475,3460,2,115,3.44,1,1030,29.90,1,176.75,2436672,0,34369,47792,3465,3460,4914,1329,20190625
0,국동                                    ,2220,1500,2,5,0.33,1,510,29.82,1,108.42,239364,0,88044,82771,1505,1500,17818,811,20190626
1,크라운해태홀딩스우                      ,18500,12950,2,150,1.17,1,4250,29.82,1,122.63,3906,0,3970,5102,12950,12900,138,1,20190626
2,웰바이오텍                              ,3370,2375,5,35,-1.45,1,775,29.87,1,200.69,480705,0,12422,24273,2375,2370,487,50,20190626
0,화천기계                                ,3620,2725,2,25,0.93,1,835,29.98,1,68.51,767711,0,65209,67603,2725,2720,4147,6214,20190628
0,카리스국보                              ,6830,3320,5,110,-3.21,1,1570,29.85,1,54.64,636299,0,14421,22970,3325,3320,761,759,20190704
0,모나미                                  ,3325,4320,2,20,0.47,1,765,29.88,1,653.64,8462875,0,28676,243210,4325,4320,8612,112456,20190705
0,하이트진로홀딩스우                      ,15050,18600,2,500,2.76,1,3450,29.74,1,187.20,53871,0,2287,9058,18600,18450,3,67,20190709
0,하이트진로홀딩스우                      ,19550,18600,2,500,2.76,1,4500,29.90,2,187.20,53871,0,2287,9058,18600,18450,3,67,20190710
0,동부제철                                ,8380,7720,2,10,0.13,1,1930,29.92,1,79.77,16610,0,1456,2963,7730,7720,174,38,20190711
1,동부제철우                              ,40300,74200,5,700,-0.93,1,9300,30.00,1,74.63,206,0,141,104,74400,74000,2,1,20190711
0,인디에프                                ,3620,2870,2,50,1.77,1,835,29.98,1,84.24,393477,0,51230,32229,2870,2865,244,1247,20190712
0,키다리스튜디오                          ,5050,4645,2,135,2.99,1,1165,29.99,1,199.80,77503,0,22872,6520,4680,4645,6171,756,20190716
1,후성                                    ,11000,8390,5,50,-0.59,1,2510,29.56,1,95.98,713698,0,70471,255482,8400,8390,7987,1264,20190716
0,삼화전기                                ,18900,14250,5,100,-0.70,1,4350,29.90,1,120.98,33140,0,10998,20854,14250,14200,1345,1378,20190717
1,JW홀딩스                                ,7600,6270,2,30,0.48,1,1750,29.91,1,49.23,65735,0,28987,27532,6290,6270,549,606,20190717
0,갤럭시아에스엠                          ,2430,1840,2,40,2.22,1,560,29.95,1,79.50,159174,0,36649,18473,1840,1835,1190,750,20190720
0,갤럭시아에스엠                          ,2430,1840,2,40,2.22,1,560,29.95,1,79.50,159174,0,36649,18473,1840,1835,1190,750,20190721
0,갤럭시아에스엠                          ,2430,1840,2,40,2.22,1,560,29.95,1,79.50,159174,0,36649,18473,1840,1835,1190,750,20190722
0,삼화페인트                              ,6820,5150,2,20,0.39,1,1570,29.90,1,41.41,13474,0,2044,10241,5150,5130,141,2,20190723
0,남영비비안                              ,9170,20900,2,100,0.48,1,2110,29.89,1,226.53,242959,0,5622,9398,20900,20850,102,6,20190724
0,남영비비안                              ,11900,20900,2,100,0.48,1,2730,29.77,2,226.53,242959,0,5622,9398,20900,20850,102,6,20190725
1,키위미디어그룹                          ,191,150,0,0,0.00,1,44,29.93,1,0.00,0,0,0,0,0,0,0,0,20190725
2,미래산업                                ,209,174,5,1,-0.57,1,48,29.81,1,92.45,10017834,0,4153859,3491549,175,174,48039,370455,20190725
0,남영비비안                              ,15450,20900,2,100,0.48,1,3550,29.83,3,226.53,242959,0,5622,9398,20900,20850,102,6,20190726
0,남영비비안                              ,20050,20900,2,100,0.48,1,4600,29.77,4,226.53,242959,0,5622,9398,20900,20850,102,6,20190727
1,경인양행                                ,8900,8730,2,10,0.11,1,2050,29.93,1,48.15,655714,0,22815,74704,8740,8730,3197,3914,20190727
0,남영비비안                              ,20050,20900,2,100,0.48,1,4600,29.77,4,226.53,242959,0,5622,9398,20900,20850,102,6,20190728
1,경인양행                                ,8900,8730,2,10,0.11,1,2050,29.93,1,48.15,655714,0,22815,74704,8740,8730,3197,3914,20190728
0,남영비비안                              ,20050,20900,2,100,0.48,1,4600,29.77,4,226.53,242959,0,5622,9398,20900,20850,102,6,20190729
1,경인양행                                ,8900,8730,2,10,0.11,1,2050,29.93,1,48.15,655714,0,22815,74704,8740,8730,3197,3914,20190729
0,하이트진로홀딩스                        ,12000,13850,2,400,2.97,1,2740,29.59,1,100.51,62650,0,26294,19557,13900,13850,3029,576,20190730
1,하이트진로홀딩스우                      ,18700,18600,2,500,2.76,1,4300,29.86,1,187.20,53871,0,2287,9058,18600,18450,3,67,20190730
2,남영비비안                              ,26050,20900,2,100,0.48,1,6000,29.93,5,226.53,242959,0,5622,9398,20900,20850,102,6,20190730
3,모나미                                  ,5910,4320,2,20,0.47,1,1360,29.89,1,653.64,8462875,0,28676,243210,4325,4320,8612,112456,20190730
0,하이트진로홀딩스우                      ,24300,18600,2,500,2.76,1,5600,29.95,2,187.20,53871,0,2287,9058,18600,18450,3,67,20190731
1,TBH글로벌                               ,3240,2740,5,90,-3.18,1,745,29.86,1,196.95,106614,0,5529,8690,2740,2735,917,1406,20190731
2,쌍방울                                  ,1310,1025,3,0,0.00,1,300,29.70,1,74.87,704942,0,420668,624339,1030,1025,50630,3548,20190731
0,남영비비안                              ,33850,20900,2,100,0.48,1,7800,29.94,1,226.53,242959,0,5622,9398,20900,20850,102,6,20190801
1,크라운해태홀딩스우                      ,17400,12950,2,150,1.17,1,4000,29.85,1,122.63,3906,0,3970,5102,12950,12900,138,1,20190801
2,크라운제과우                            ,10000,7680,5,50,-0.65,1,2290,29.70,1,205.96,6317,0,3620,5171,7690,7680,1,6,20190801
0,하이트진로홀딩스우                      ,27600,18600,2,500,2.76,1,6350,29.88,1,187.20,53871,0,2287,9058,18600,18450,3,67,20190803
1,카리스국보                              ,5580,3320,5,110,-3.21,1,1285,29.92,1,54.64,636299,0,14421,22970,3325,3320,761,759,20190803
0,하이트진로홀딩스우                      ,27600,18600,2,500,2.76,1,6350,29.88,1,187.20,53871,0,2287,9058,18600,18450,3,67,20190804
1,카리스국보                              ,5580,3320,5,110,-3.21,1,1285,29.92,1,54.64,636299,0,14421,22970,3325,3320,761,759,20190804
0,하이트진로홀딩스우                      ,27600,18600,2,500,2.76,1,6350,29.88,1,187.20,53871,0,2287,9058,18600,18450,3,67,20190805
1,카리스국보                              ,5580,3320,5,110,-3.21,1,1285,29.92,1,54.64,636299,0,14421,22970,3325,3320,761,759,20190805
0,하이트진로홀딩스우                      ,35850,18600,2,500,2.76,1,8250,29.89,2,187.20,53871,0,2287,9058,18600,18450,3,67,20190806
1,신성통상                                ,1920,1665,3,0,0.00,1,440,29.73,1,110.28,7998576,0,181555,233241,1670,1665,18262,47329,20190806
2,대양금속                                ,9980,15350,5,850,-5.25,1,2300,29.95,1,369.49,563151,0,8341,10376,15700,15350,5,1135,20190806
3,크라운제과우                            ,11500,7680,5,50,-0.65,1,2650,29.94,1,205.96,6317,0,3620,5171,7690,7680,1,6,20190806
0,깨끗한나라                              ,3020,2210,5,25,-1.12,1,695,29.89,1,218.31,181554,0,9790,60570,2220,2210,226,6760,20190807
1,깨끗한나라우                            ,21700,17200,5,100,-0.58,1,5000,29.94,1,123.22,3099,0,1441,2687,17200,17150,96,15,20190807
2,신성통상                                ,2495,1665,3,0,0.00,1,575,29.95,2,110.28,7998576,0,181555,233241,1670,1665,18262,47329,20190807
3,CJ씨푸드                                ,2730,2980,2,60,2.05,1,630,30.00,1,84.54,261528,0,112299,36996,2980,2975,1027,4921,20190807
4,CJ씨푸드1우                             ,35650,31700,5,150,-0.47,1,8200,29.87,1,82.39,1019,0,762,655,31700,31650,99,3,20190807
5,모나리자                                ,4905,4210,5,110,-2.55,1,1130,29.93,1,116.62,724500,0,29146,43497,4210,4205,1792,441,20190807
0,깨끗한나라우                            ,28200,17200,5,100,-0.58,1,6500,29.95,2,123.22,3099,0,1441,2687,17200,17150,96,15,20190808
1,화천기계                                ,3910,2725,2,25,0.93,1,900,29.90,1,68.51,767711,0,65209,67603,2725,2720,4147,6214,20190808
2,에쓰씨엔지니어링                        ,1325,1565,2,5,0.32,1,305,29.90,1,101.73,25497,0,14407,4047,1565,1560,6178,3,20190808
3,미래산업                                ,204,174,5,1,-0.57,1,47,29.94,1,92.45,10017834,0,4153859,3491549,175,174,48039,370455,20190808
4,이월드                                  ,3690,4565,2,65,1.44,1,850,29.93,1,62.71,6855432,0,111560,90416,4570,4565,16042,17002,20190808
0,한국화장품제조                          ,25850,31100,5,300,-0.96,1,5950,29.90,1,24.75,71940,0,3354,5140,31100,31050,226,54,20190809
1,나노메딕스                              ,7180,12300,2,1600,14.95,1,1650,29.84,1,362.62,33113413,0,532624,202917,12350,12300,50274,13201,20190809
0,남성                                    ,3965,3460,2,115,3.44,1,915,30.00,1,176.75,2436672,0,34369,47792,3465,3460,4914,1329,20190813
0,CJ씨푸드                                ,3705,2980,2,60,2.05,1,855,30.00,1,84.54,261528,0,112299,36996,2980,2975,1027,4921,20190815
1,CJ씨푸드1우                             ,40750,31700,5,150,-0.47,1,9400,29.98,1,82.39,1019,0,762,655,31700,31650,99,3,20190815
0,CJ씨푸드                                ,3705,2980,2,60,2.05,1,855,30.00,1,84.54,261528,0,112299,36996,2980,2975,1027,4921,20190816
1,CJ씨푸드1우                             ,40750,31700,5,150,-0.47,1,9400,29.98,1,82.39,1019,0,762,655,31700,31650,99,3,20190816
0,티웨이홀딩스                            ,1780,1720,2,5,0.29,1,410,29.93,1,55.82,240890,0,38191,38785,1730,1720,205,2864,20190822
1,인스코비                                ,3200,2690,5,15,-0.55,1,735,29.82,1,56.72,683246,0,37209,126610,2690,2685,9375,1340,20190822
0,우진                                    ,6660,4830,5,100,-2.03,1,1530,29.82,1,120.47,86221,0,3645,21460,4850,4830,1320,5386,20190823
0,하이트진로홀딩스우                      ,27600,18600,2,500,2.76,1,6350,29.88,1,187.20,53871,0,2287,9058,18600,18450,3,67,20190824
0,하이트진로홀딩스우                      ,27600,18600,2,500,2.76,1,6350,29.88,1,187.20,53871,0,2287,9058,18600,18450,3,67,20190825
0,하이트진로홀딩스우                      ,27600,18600,2,500,2.76,1,6350,29.88,1,187.20,53871,0,2287,9058,18600,18450,3,67,20190826
0,삼성제약                                ,2610,4380,2,380,9.50,1,600,29.85,1,122.31,57527949,0,84980,82934,4385,4380,14612,1716,20190827
0,신화실업                                ,26700,22350,5,50,-0.22,1,6150,29.93,1,310.92,6916,0,1342,4366,22450,22350,39,68,20190830
0,평화산업                                ,1525,1270,2,10,0.79,1,350,29.79,1,69.71,80765,0,24546,108760,1270,1265,5250,1001,20190831
0,평화산업                                ,1525,1270,2,10,0.79,1,350,29.79,1,69.71,80765,0,24546,108760,1270,1265,5250,1001,20190901
0,평화산업                                ,1525,1270,2,10,0.79,1,350,29.79,1,69.71,80765,0,24546,108760,1270,1265,5250,1001,20190902
0,화천기계                                ,4240,2725,2,25,0.93,1,975,29.86,1,68.51,767711,0,65209,67603,2725,2720,4147,6214,20190903
0,롯데손해보험                            ,2355,2180,5,30,-1.36,1,540,29.75,1,68.55,117013,0,37699,61340,2185,2180,896,13372,20190904
0,화천기계                                ,5790,2725,2,25,0.93,1,1335,29.97,1,68.51,767711,0,65209,67603,2725,2720,4147,6214,20190905
0,삼부토건                                ,893,690,2,28,4.23,1,206,29.99,1,258.50,1430540,0,119856,105835,690,688,832,1200,20190906
1,고려산업                                ,4340,3610,2,15,0.42,1,1000,29.94,1,92.95,966152,0,24876,48540,3615,3610,2003,3105,20190906
0,한국프랜지                              ,2435,2385,2,40,1.71,1,560,29.87,1,177.97,1026051,0,41738,47108,2390,2385,5762,3535,20190907
0,한국프랜지                              ,2435,2385,2,40,1.71,1,560,29.87,1,177.97,1026051,0,41738,47108,2390,2385,5762,3535,20190908
0,한국프랜지                              ,2435,2385,2,40,1.71,1,560,29.87,1,177.97,1026051,0,41738,47108,2390,2385,5762,3535,20190909
0,부산산업                                ,139500,154000,2,3000,1.99,1,32000,29.77,1,64.14,24643,0,2622,4150,154500,154000,339,192,20190911
0,한국석유                                ,142000,105500,3,0,0.00,1,32500,29.68,1,55.25,426,0,1577,934,105500,105000,169,30,20190917
0,백광소재                                ,5020,4360,2,70,1.63,1,1155,29.88,1,125.22,1013083,0,58628,7631,4360,4355,35010,579,20190918
1,마니커                                  ,1100,839,2,9,1.08,1,253,29.87,1,130.60,6992156,0,247263,336243,840,839,48172,33392,20190918
2,체시스                                  ,2155,3520,2,120,3.53,1,495,29.82,1,120.65,5281788,0,28159,43376,3525,3520,4281,2964,20190918
0,백광소재                                ,6520,4360,2,70,1.63,1,1500,29.88,2,125.22,1013083,0,58628,7631,4360,4355,35010,579,20190919
1,체시스                                  ,2800,3520,2,120,3.53,1,645,29.93,2,120.65,5281788,0,28159,43376,3525,3520,4281,2964,20190919
0,대양금속                                ,17250,15350,5,850,-5.25,1,3950,29.70,1,369.49,563151,0,8341,10376,15700,15350,5,1135,20190920
0,체시스                                  ,4170,3520,2,120,3.53,1,960,29.91,1,120.65,5281788,0,28159,43376,3525,3520,4281,2964,20190921
0,체시스                                  ,4170,3520,2,120,3.53,1,960,29.91,1,120.65,5281788,0,28159,43376,3525,3520,4281,2964,20190922
0,체시스                                  ,4170,3520,2,120,3.53,1,960,29.91,1,120.65,5281788,0,28159,43376,3525,3520,4281,2964,20190923
0,대한제당3우B                            ,41250,26550,5,50,-0.19,1,9500,29.92,1,77.32,1560,0,409,325,26550,26500,5,148,20190925
1,대우부품                                ,2785,2380,2,80,3.48,1,640,29.84,1,743.47,4190138,0,128013,115348,2380,2370,13884,311,20190925
0,대한제당3우B                            ,53600,26550,5,50,-0.19,1,12350,29.94,2,77.32,1560,0,409,325,26550,26500,5,148,20190926
0,한화우                                  ,33150,27400,2,450,1.67,1,7650,30.00,1,50.42,8628,0,1247,2030,27400,27200,40,20,20190927
0,한진칼우                                ,37800,37550,5,1050,-2.72,1,8700,29.90,1,42.29,19190,0,811,3898,37800,37550,42,317,20190928
0,한진칼우                                ,37800,37550,5,1050,-2.72,1,8700,29.90,1,42.29,19190,0,811,3898,37800,37550,42,317,20190929
0,한진칼우                                ,37800,37550,5,1050,-2.72,1,8700,29.90,1,42.29,19190,0,811,3898,37800,37550,42,317,20190930
0,하나니켈2호                             ,1315,1195,3,0,0.00,1,300,29.56,1,51.10,108355,0,35125,59788,1195,1190,1407,1235,20191003
0,하나니켈2호                             ,1315,1195,3,0,0.00,1,300,29.56,1,51.10,108355,0,35125,59788,1195,1190,1407,1235,20191004
0,이연제약                                ,16300,15300,2,50,0.33,1,3750,29.88,1,32.88,67744,0,17961,25571,15400,15300,872,404,20191008
0,에이프로젠제약                          ,947,1185,2,65,5.80,1,218,29.90,1,100.93,17139741,0,1094814,759953,1190,1185,97323,135206,20191009
0,에이프로젠제약                          ,947,1185,2,65,5.80,1,218,29.90,1,100.93,17139741,0,1094814,759953,1190,1185,97323,135206,20191010
0,에이프로젠제약                          ,1230,1185,2,65,5.80,1,283,29.88,2,100.93,17139741,0,1094814,759953,1190,1185,97323,135206,20191011
0,녹십자홀딩스2우                         ,20800,18250,5,100,-0.54,1,4800,30.00,1,59.66,7456,0,1233,2125,18250,18100,179,1,20191012
1,웅진                                    ,1355,1510,5,50,-3.21,1,310,29.67,1,142.70,902849,0,64614,85297,1515,1510,1733,11788,20191012
2,웅진씽크빅                              ,2665,2680,2,10,0.37,1,615,30.00,1,103.45,1184042,0,56268,140262,2685,2680,476,28545,20191012
0,녹십자홀딩스2우                         ,20800,18250,5,100,-0.54,1,4800,30.00,1,59.66,7456,0,1233,2125,18250,18100,179,1,20191013
1,웅진                                    ,1355,1510,5,50,-3.21,1,310,29.67,1,142.70,902849,0,64614,85297,1515,1510,1733,11788,20191013
2,웅진씽크빅                              ,2665,2680,2,10,0.37,1,615,30.00,1,103.45,1184042,0,56268,140262,2685,2680,476,28545,20191013
0,녹십자홀딩스2우                         ,20800,18250,5,100,-0.54,1,4800,30.00,1,59.66,7456,0,1233,2125,18250,18100,179,1,20191014
1,웅진                                    ,1355,1510,5,50,-3.21,1,310,29.67,1,142.70,902849,0,64614,85297,1515,1510,1733,11788,20191014
2,웅진씽크빅                              ,2665,2680,2,10,0.37,1,615,30.00,1,103.45,1184042,0,56268,140262,2685,2680,476,28545,20191014
0,웅진                                    ,1760,1510,5,50,-3.21,1,405,29.89,2,142.70,902849,0,64614,85297,1515,1510,1733,11788,20191015
1,필룩스                                  ,5460,7010,2,20,0.29,1,1260,30.00,1,27.63,18368452,0,343462,187923,7020,7010,59188,8175,20191015
0,남영비비안                              ,20650,20900,2,100,0.48,1,4750,29.87,1,226.53,242959,0,5622,9398,20900,20850,102,6,20191019
1,두산퓨얼셀                              ,5510,7860,2,140,1.81,1,1270,29.95,1,78.80,10639517,0,16685,124072,7870,7860,62,3791,20191019
2,두산퓨얼셀1우                           ,4210,5900,2,100,1.72,1,970,29.94,1,38.56,2263992,0,5590,18907,5900,5890,3918,6293,20191019
3,두산퓨얼셀2우B                          ,4640,14050,5,400,-2.77,1,1070,29.97,1,27.33,169834,0,3407,1904,14100,14050,21,312,20191019
4,두산솔루스                              ,5510,16550,5,1250,-7.02,1,1270,29.95,1,110.99,974913,0,18091,49949,16600,16550,3445,5100,20191019
5,두산솔루스1우                           ,4210,7950,5,290,-3.52,1,970,29.94,1,92.20,479294,0,2164,6952,7960,7950,39,840,20191019
6,두산솔루스2우B                          ,4640,34000,2,5250,18.26,1,1070,29.97,1,0.00,480639,0,1893,2659,34700,34000,17,484,20191019
0,남영비비안                              ,20650,20900,2,100,0.48,1,4750,29.87,1,226.53,242959,0,5622,9398,20900,20850,102,6,20191020
1,두산퓨얼셀                              ,5510,7860,2,140,1.81,1,1270,29.95,1,78.80,10639517,0,16685,124072,7870,7860,62,3791,20191020
2,두산퓨얼셀1우                           ,4210,5900,2,100,1.72,1,970,29.94,1,38.56,2263992,0,5590,18907,5900,5890,3918,6293,20191020
3,두산퓨얼셀2우B                          ,4640,14050,5,400,-2.77,1,1070,29.97,1,27.33,169834,0,3407,1904,14100,14050,21,312,20191020
4,두산솔루스                              ,5510,16550,5,1250,-7.02,1,1270,29.95,1,110.99,974913,0,18091,49949,16600,16550,3445,5100,20191020
5,두산솔루스1우                           ,4210,7950,5,290,-3.52,1,970,29.94,1,92.20,479294,0,2164,6952,7960,7950,39,840,20191020
6,두산솔루스2우B                          ,4640,34000,2,5250,18.26,1,1070,29.97,1,0.00,480639,0,1893,2659,34700,34000,17,484,20191020
0,남영비비안                              ,20650,20900,2,100,0.48,1,4750,29.87,1,226.53,242959,0,5622,9398,20900,20850,102,6,20191021
1,두산퓨얼셀                              ,5510,7860,2,140,1.81,1,1270,29.95,1,78.80,10639517,0,16685,124072,7870,7860,62,3791,20191021
2,두산퓨얼셀1우                           ,4210,5900,2,100,1.72,1,970,29.94,1,38.56,2263992,0,5590,18907,5900,5890,3918,6293,20191021
3,두산퓨얼셀2우B                          ,4640,14050,5,400,-2.77,1,1070,29.97,1,27.33,169834,0,3407,1904,14100,14050,21,312,20191021
4,두산솔루스                              ,5510,16550,5,1250,-7.02,1,1270,29.95,1,110.99,974913,0,18091,49949,16600,16550,3445,5100,20191021
5,두산솔루스1우                           ,4210,7950,5,290,-3.52,1,970,29.94,1,92.20,479294,0,2164,6952,7960,7950,39,840,20191021
6,두산솔루스2우B                          ,4640,34000,2,5250,18.26,1,1070,29.97,1,0.00,480639,0,1893,2659,34700,34000,17,484,20191021
0,남영비비안                              ,26800,20900,2,100,0.48,1,6150,29.78,2,226.53,242959,0,5622,9398,20900,20850,102,6,20191022
1,대양금속                                ,15750,15350,5,850,-5.25,1,3600,29.63,1,369.49,563151,0,8341,10376,15700,15350,5,1135,20191022
2,두산퓨얼셀                              ,7160,7860,2,140,1.81,1,1650,29.95,2,78.80,10639517,0,16685,124072,7870,7860,62,3791,20191022
3,두산퓨얼셀1우                           ,5470,5900,2,100,1.72,1,1260,29.93,2,38.56,2263992,0,5590,18907,5900,5890,3918,6293,20191022
4,두산퓨얼셀2우B                          ,6030,14050,5,400,-2.77,1,1390,29.96,2,27.33,169834,0,3407,1904,14100,14050,21,312,20191022
5,두산솔루스                              ,7160,16550,5,1250,-7.02,1,1650,29.95,2,110.99,974913,0,18091,49949,16600,16550,3445,5100,20191022
6,두산솔루스1우                           ,5470,7950,5,290,-3.52,1,1260,29.93,2,92.20,479294,0,2164,6952,7960,7950,39,840,20191022
7,두산솔루스2우B                          ,6030,34000,2,5250,18.26,1,1390,29.96,2,0.00,480639,0,1893,2659,34700,34000,17,484,20191022
0,삼성출판사                              ,16050,18300,5,550,-2.92,1,3700,29.96,1,24.87,668917,0,33905,19831,18300,18250,614,766,20191023
1,두산퓨얼셀2우B                          ,7830,14050,5,400,-2.77,1,1800,29.85,3,27.33,169834,0,3407,1904,14100,14050,21,312,20191023
2,두산솔루스                              ,9300,16550,5,1250,-7.02,1,2140,29.89,3,110.99,974913,0,18091,49949,16600,16550,3445,5100,20191023
3,두산솔루스1우                           ,7110,7950,5,290,-3.52,1,1640,29.98,3,92.20,479294,0,2164,6952,7960,7950,39,840,20191023
4,두산솔루스2우B                          ,7830,34000,2,5250,18.26,1,1800,29.85,3,0.00,480639,0,1893,2659,34700,34000,17,484,20191023
0,진흥기업                                ,2600,2430,2,165,7.28,1,600,30.00,1,1210.19,3142432,0,23289,17575,2430,2425,3616,10080,20191024
1,진흥기업우B                             ,6440,5440,2,220,4.21,1,1480,29.84,1,1177.76,217543,0,2958,3410,5450,5440,2,231,20191024
2,진흥기업2우B                            ,16600,13600,2,500,3.82,1,3800,29.69,1,2539.55,146253,0,4478,7302,13600,13550,130,492,20191024
3,두산퓨얼셀2우B                          ,10150,14050,5,400,-2.77,1,2320,29.63,4,27.33,169834,0,3407,1904,14100,14050,21,312,20191024
4,두산솔루스                              ,12050,16550,5,1250,-7.02,1,2750,29.57,4,110.99,974913,0,18091,49949,16600,16550,3445,5100,20191024
5,두산솔루스1우                           ,9240,7950,5,290,-3.52,1,2130,29.96,4,92.20,479294,0,2164,6952,7960,7950,39,840,20191024
6,두산솔루스2우B                          ,10150,34000,2,5250,18.26,1,2320,29.63,4,0.00,480639,0,1893,2659,34700,34000,17,484,20191024
0,삼성출판사                              ,22800,18300,5,550,-2.92,1,5250,29.91,1,24.87,668917,0,33905,19831,18300,18250,614,766,20191025
1,두산퓨얼셀2우B                          ,13150,14050,5,400,-2.77,1,3000,29.56,5,27.33,169834,0,3407,1904,14100,14050,21,312,20191025
2,두산솔루스                              ,15650,16550,5,1250,-7.02,1,3600,29.88,5,110.99,974913,0,18091,49949,16600,16550,3445,5100,20191025
3,두산솔루스1우                           ,12000,7950,5,290,-3.52,1,2760,29.87,5,92.20,479294,0,2164,6952,7960,7950,39,840,20191025
4,두산솔루스2우B                          ,13150,34000,2,5250,18.26,1,3000,29.56,5,0.00,480639,0,1893,2659,34700,34000,17,484,20191025
0,두산퓨얼셀2우B                          ,17050,14050,5,400,-2.77,1,3900,29.66,6,27.33,169834,0,3407,1904,14100,14050,21,312,20191026
1,두산솔루스2우B                          ,17050,34000,2,5250,18.26,1,3900,29.66,6,0.00,480639,0,1893,2659,34700,34000,17,484,20191026
0,두산퓨얼셀2우B                          ,17050,14050,5,400,-2.77,1,3900,29.66,6,27.33,169834,0,3407,1904,14100,14050,21,312,20191027
1,두산솔루스2우B                          ,17050,34000,2,5250,18.26,1,3900,29.66,6,0.00,480639,0,1893,2659,34700,34000,17,484,20191027
0,두산퓨얼셀2우B                          ,17050,14050,5,400,-2.77,1,3900,29.66,6,27.33,169834,0,3407,1904,14100,14050,21,312,20191028
1,두산솔루스2우B                          ,17050,34000,2,5250,18.26,1,3900,29.66,6,0.00,480639,0,1893,2659,34700,34000,17,484,20191028
0,이월드                                  ,4585,4565,2,65,1.44,1,1055,29.89,1,62.71,6855432,0,111560,90416,4570,4565,16042,17002,20191030
1,두산솔루스2우B                          ,22150,34000,2,5250,18.26,1,5100,29.91,1,0.00,480639,0,1893,2659,34700,34000,17,484,20191030
0,롯데리츠                                ,6500,6360,5,140,-2.15,1,1500,30.00,1,17.40,6700382,0,434033,416215,6360,6350,41192,14626,20191031
1,두산퓨얼셀1우                           ,5460,5900,2,100,1.72,1,1260,30.00,1,38.56,2263992,0,5590,18907,5900,5890,3918,6293,20191031
2,두산솔루스2우B                          ,28750,34000,2,5250,18.26,1,6600,29.80,2,0.00,480639,0,1893,2659,34700,34000,17,484,20191031
0,나노메딕스                              ,10700,12300,2,1600,14.95,1,2450,29.70,1,362.62,33113413,0,532624,202917,12350,12300,50274,13201,20191101
0,비티원                                  ,4405,4405,1,1015,29.94,1,1015,29.94,1,201.47,6182112,0,0,134011,0,4405,0,119801,20191102
0,비티원                                  ,4405,4405,1,1015,29.94,1,1015,29.94,1,201.47,6182112,0,0,134011,0,4405,0,119801,20191102
