한글종목명,해당일종가,현재가,전일대비구분,전일대비,전일대비율,종가 전일대비구분,종가 전일대비,종가 전일대비율,연속일,거래강도,누적거래량,업종구분,매도총호가수량,매도총호가수량,매도1호가,매도1호가,매도 1호가 수량,매도1호가 수량,날짜
루멘스                                  ,2870,2180,2,60,2.83,1,660,29.86,1,150,446088,1,47427,48238,2180,2175,34634,21271,20190102
EDGC                                    ,5220,5500,3,0,0,1,1200,29.85,1,117.4,69035,1,6866,13982,5510,5500,420,1162,20190102
디케이티                                ,14100,13000,2,650,5.26,1,3250,29.95,1,148.37,406307,1,23101,13372,13050,13000,256,1148,20190102
데코앤이                                ,275,1460,0,0,0,1,63,29.72,1,0,0,1,0,0,0,0,0,0,20190103
에스씨디                                ,1455,1085,2,5,0.46,1,335,29.91,1,68.8,82225,1,33720,66902,1085,1080,2170,1930,20190103
에프엔에스테크                          ,5370,5870,2,210,3.71,1,1235,29.87,1,492.8,67494,1,6209,14156,5880,5870,386,4697,20190103
아이엠텍                                ,1675,1075,2,30,2.87,1,385,29.84,1,106.85,372270,1,59637,38430,1075,1070,1665,4808,20190103
좋은사람들                              ,6020,3490,2,20,0.58,1,1385,29.88,1,47.8,269555,1,25446,32951,3495,3490,1200,2406,20190104
넥슨지티                                ,8280,7360,2,70,0.96,1,1910,29.98,1,77.6,412637,1,22157,13253,7360,7350,2221,390,20190104
이노인스트루먼트                        ,6680,3745,5,90,-2.35,1,1540,29.96,1,74.62,14868,1,5317,5341,3770,3745,94,670,20190104
넷게임즈                                ,9580,11400,2,400,3.64,1,2210,29.99,1,79.51,232028,1,56527,28606,11450,11400,10393,6981,20190104
와이비엠넷                              ,3965,4405,2,60,1.38,1,915,30,1,208.76,995313,1,13592,19958,4410,4405,2804,3443,20190105
풍강                                    ,4420,3400,5,75,-2.16,1,1020,30,1,338.87,600376,1,7612,12020,3405,3400,480,378,20190105
와이비엠넷                              ,3965,4405,2,60,1.38,1,915,30,1,208.76,995313,1,13592,19958,4410,4405,2804,3443,20190106
풍강                                    ,4420,3400,5,75,-2.16,1,1020,30,1,338.87,600376,1,7612,12020,3405,3400,480,378,20190106
와이비엠넷                              ,3965,4405,2,60,1.38,1,915,30,1,208.76,995313,1,13592,19958,4410,4405,2804,3443,20190107
풍강                                    ,4420,3400,5,75,-2.16,1,1020,30,1,338.87,600376,1,7612,12020,3405,3400,480,378,20190107
시그네틱스                              ,1085,1105,2,20,1.84,1,247,29.47,1,216.77,2111395,1,534755,200595,1105,1100,120805,4593,20190108
넥슨지티                                ,12700,7360,2,70,0.96,1,2930,29.99,1,77.6,412637,1,22157,13253,7360,7350,2221,390,20190108
유니트론텍                              ,5750,6200,5,10,-0.16,1,1325,29.94,1,36.45,47891,1,5587,5774,6250,6200,69,181,20190108
파워넷                                  ,4335,4435,5,35,-0.78,1,1000,29.99,1,25.78,145847,1,6455,3918,4440,4435,33,119,20190109
우원개발                                ,5310,4150,2,40,0.97,1,1220,29.83,1,317.9,318241,1,7497,9024,4150,4145,1917,300,20190109
한국테크놀로지                          ,876,1515,2,40,2.71,1,202,29.97,1,148.75,837025,1,214221,71837,1520,1515,40267,5626,20190110
서전기전                                ,5860,3700,2,15,0.41,1,1345,29.79,1,133.85,32564,1,1021,3863,3705,3700,54,386,20190110
토박스코리아                            ,1100,1395,2,10,0.72,1,252,29.72,1,21.17,3678158,1,399246,346703,1395,1390,6942,8871,20190110
뉴프라이드                              ,2505,1205,5,65,-5.12,1,575,29.79,1,15.41,4517149,1,218560,629919,1205,1200,50831,161055,20190110
키네마스터                              ,3135,12700,5,50,-0.39,1,720,29.81,1,93.84,17376,1,3698,1944,12700,12500,73,4,20190111
옵티팜                                  ,11700,8910,5,50,-0.56,1,2700,30,1,55.4,86115,1,3438,10382,8930,8910,1,257,20190111
토박스코리아                            ,1430,1395,2,10,0.72,1,330,30,2,21.17,3678158,1,399246,346703,1395,1390,6942,8871,20190111
효성오앤비                              ,11500,7170,5,100,-1.38,1,2630,29.65,1,62.39,9650,1,3427,3139,7180,7170,34,58,20190112
효성오앤비                              ,11500,7170,5,100,-1.38,1,2630,29.65,1,62.39,9650,1,3427,3139,7180,7170,34,58,20190113
효성오앤비                              ,11500,7170,5,100,-1.38,1,2630,29.65,1,62.39,9650,1,3427,3139,7180,7170,34,58,20190114
토박스코리아                            ,1865,1395,2,10,0.72,1,430,29.97,1,21.17,3678158,1,399246,346703,1395,1390,6942,8871,20190115
유신                                    ,25400,21150,2,400,1.93,1,5850,29.92,1,94.98,11786,1,2527,890,21150,20850,274,107,20190116
파인넥스                                ,1895,701,0,0,0,1,435,29.79,1,0,0,1,0,0,0,0,0,0,20190116
대명코퍼레이션                          ,2585,1620,3,0,0,1,595,29.9,1,111.47,228363,1,41663,87165,1625,1620,2463,13104,20190117
티비씨                                  ,772,1370,2,5,0.37,1,178,29.97,1,70.42,298042,1,84559,116323,1370,1360,2998,1681,20190117
오로라                                  ,12100,12500,2,550,4.6,1,2760,29.55,1,137.17,642836,1,108948,50094,12500,12450,2305,421,20190117
아세아텍                                ,5160,4175,5,5,-0.12,1,1190,29.97,1,42.19,107045,1,5471,12576,4175,4160,128,6,20190117
비츠로시스                              ,776,485,0,0,0,1,179,29.98,1,0,0,1,0,0,0,0,0,0,20190117
유신                                    ,33000,21150,2,400,1.93,1,7600,29.92,2,94.98,11786,1,2527,890,21150,20850,274,107,20190117
서암기계공업                            ,9750,6580,2,220,3.46,1,2250,30,1,232.72,144892,1,14088,31841,6580,6570,2728,6704,20190117
유니크                                  ,12800,6550,2,70,1.08,1,2940,29.82,1,114.5,327399,1,17705,13724,6550,6540,1939,180,20190118
세동                                    ,777,734,5,16,-2.13,1,179,29.93,1,213.86,26064,1,11437,13035,746,734,239,293,20190118
톱텍                                    ,9970,8170,2,10,0.12,1,2300,29.99,1,92.43,80031,1,6229,6188,8180,8170,293,35,20190118
제이엔케이히터                          ,8120,5530,2,90,1.65,1,1870,29.92,1,171.52,518471,1,36763,21850,5540,5530,441,480,20190118
영우디에스피                            ,1270,1535,5,15,-0.97,1,293,29.99,1,136.73,320535,1,13397,116513,1535,1530,3826,1886,20190118
미코                                    ,6590,5890,2,80,1.38,1,1520,29.98,1,35.82,531910,1,88809,55485,5900,5890,4148,1685,20190119
성창오토텍                              ,13100,8160,2,240,3.03,1,3000,29.7,1,361.54,111427,1,13131,14477,8160,8150,1181,300,20190119
넷게임즈                                ,13150,11400,2,400,3.64,1,3000,29.56,1,79.51,232028,1,56527,28606,11450,11400,10393,6981,20190119
세원                                    ,3450,3820,2,130,3.52,1,795,29.94,1,75.57,1269933,1,61893,27548,3820,3815,2492,171,20190119
미코                                    ,6590,5890,2,80,1.38,1,1520,29.98,1,35.82,531910,1,88809,55485,5900,5890,4148,1685,20190120
성창오토텍                              ,13100,8160,2,240,3.03,1,3000,29.7,1,361.54,111427,1,13131,14477,8160,8150,1181,300,20190120
넷게임즈                                ,13150,11400,2,400,3.64,1,3000,29.56,1,79.51,232028,1,56527,28606,11450,11400,10393,6981,20190120
세원                                    ,3450,3820,2,130,3.52,1,795,29.94,1,75.57,1269933,1,61893,27548,3820,3815,2492,171,20190120
미코                                    ,6590,5890,2,80,1.38,1,1520,29.98,1,35.82,531910,1,88809,55485,5900,5890,4148,1685,20190121
성창오토텍                              ,13100,8160,2,240,3.03,1,3000,29.7,1,361.54,111427,1,13131,14477,8160,8150,1181,300,20190121
넷게임즈                                ,13150,11400,2,400,3.64,1,3000,29.56,1,79.51,232028,1,56527,28606,11450,11400,10393,6981,20190121
세원                                    ,3450,3820,2,130,3.52,1,795,29.94,1,75.57,1269933,1,61893,27548,3820,3815,2492,171,20190121
아진산업                                ,2915,2800,2,40,1.45,1,670,29.84,1,103.58,224190,1,46875,92747,2800,2795,261,1249,20190122
EG                                      ,16400,9170,2,130,1.44,1,3750,29.64,1,49.11,12252,1,3097,2050,9170,9160,92,10,20190122
솔고바이오                              ,525,230,2,1,0.44,1,121,29.95,1,24.67,857084,1,503078,364749,231,230,103140,5294,20190122
승일                                    ,12150,9130,2,310,3.51,1,2770,29.53,1,1103.86,148631,1,711,1511,9130,9070,298,7,20190123
케이엠제약                              ,4225,2505,2,125,5.25,1,975,30,1,357.55,1785494,1,53969,72294,2510,2505,51,7458,20190123
아시아종묘                              ,9770,5800,5,10,-0.17,1,2250,29.92,1,134.32,57307,1,5914,14615,5830,5800,113,87,20190125
액션스퀘어                              ,2310,1740,2,60,3.57,1,530,29.78,1,22.47,2201798,1,93483,22037,1740,1735,16997,1,20190126
액션스퀘어                              ,2310,1740,2,60,3.57,1,530,29.78,1,22.47,2201798,1,93483,22037,1740,1735,16997,1,20190127
액션스퀘어                              ,2310,1740,2,60,3.57,1,530,29.78,1,22.47,2201798,1,93483,22037,1740,1735,16997,1,20190128
우수AMS                                 ,6120,3115,2,10,0.32,1,1405,29.8,1,63.28,66346,1,14478,47836,3115,3105,5186,1810,20190129
데코앤이                                ,353,1460,0,0,0,1,81,29.78,1,0,0,1,0,0,0,0,0,0,20190130
제일바이오                              ,4955,7910,2,510,6.89,1,1140,29.88,1,91.28,29036130,1,104379,27827,7910,7900,3442,6529,20190130
국일신동                                ,6810,6160,5,30,-0.48,1,1570,29.96,1,148.91,74500,1,6549,24334,6160,6150,638,4,20190130
고려시멘트                              ,3755,2925,2,5,0.17,1,865,29.93,1,84.29,400111,1,32472,79881,2930,2925,2537,447,20190131
보광산업                                ,5850,4600,2,195,4.43,1,1345,29.86,1,278.13,240468,1,11617,21364,4600,4595,1992,1943,20190131
판타지오                                ,696,532,5,4,-0.75,1,160,29.85,1,120.55,258489,1,78504,71423,533,532,3840,1296,20190209
판타지오                                ,696,532,5,4,-0.75,1,160,29.85,1,120.55,258489,1,78504,71423,533,532,3840,1296,20190210
판타지오                                ,696,532,5,4,-0.75,1,160,29.85,1,120.55,258489,1,78504,71423,533,532,3840,1296,20190211
와이비엠넷                              ,4560,4405,2,60,1.38,1,1050,29.91,1,208.76,995313,1,13592,19958,4410,4405,2804,3443,20190212
플랜티넷                                ,5750,4540,5,20,-0.44,1,1325,29.94,1,403.1,29270,1,1530,5544,4540,4535,45,7,20190212
아세아텍                                ,6530,4175,5,5,-0.12,1,1500,29.82,1,42.19,107045,1,5471,12576,4175,4160,128,6,20190213
풍강                                    ,5170,3400,5,75,-2.16,1,1190,29.9,1,338.87,600376,1,7612,12020,3405,3400,480,378,20190214
테스                                    ,17650,20450,5,50,-0.24,1,4050,29.78,1,35.49,181741,1,25618,31022,20500,20450,522,160,20190214
에스씨디                                ,1940,1085,2,5,0.46,1,445,29.77,1,68.8,82225,1,33720,66902,1085,1080,2170,1930,20190215
포티스                                  ,1550,739,5,24,-3.15,1,355,29.71,1,82.47,2698754,1,47575,104930,739,738,17112,10,20190215
엠아이텍                                ,4110,4525,2,5,0.11,1,945,29.86,1,114.19,174455,1,6688,21820,4530,4525,60,963,20190215
골드퍼시픽                              ,2585,1605,5,35,-2.13,1,595,29.9,1,107.81,63473,1,2089,13739,1610,1605,111,88,20190216
엠아이텍                                ,5340,4525,2,5,0.11,1,1230,29.93,2,114.19,174455,1,6688,21820,4530,4525,60,963,20190216
골드퍼시픽                              ,2585,1605,5,35,-2.13,1,595,29.9,1,107.81,63473,1,2089,13739,1610,1605,111,88,20190217
엠아이텍                                ,5340,4525,2,5,0.11,1,1230,29.93,2,114.19,174455,1,6688,21820,4530,4525,60,963,20190217
골드퍼시픽                              ,2585,1605,5,35,-2.13,1,595,29.9,1,107.81,63473,1,2089,13739,1610,1605,111,88,20190218
엠아이텍                                ,5340,4525,2,5,0.11,1,1230,29.93,2,114.19,174455,1,6688,21820,4530,4525,60,963,20190218
골드퍼시픽                              ,3360,1605,5,35,-2.13,1,775,29.98,2,107.81,63473,1,2089,13739,1610,1605,111,88,20190219
팬스타엔터프라이즈                      ,1095,1050,2,5,0.48,1,252,29.89,1,85.45,546521,1,123419,201428,1050,1045,10471,1043,20190220
코닉글로리                              ,661,782,2,12,1.56,1,152,29.86,1,91.9,233771,1,41673,45833,782,779,6123,4296,20190221
파인텍                                  ,2605,1070,5,20,-1.83,1,600,29.93,1,186.72,385466,1,87647,131254,1070,1065,11689,7395,20190221
영우디에스피                            ,1365,1535,5,15,-0.97,1,315,30,1,136.73,320535,1,13397,116513,1535,1530,3826,1886,20190221
라온시큐어                              ,3235,3025,2,65,2.2,1,745,29.92,1,28.7,447296,1,24332,86891,3030,3025,900,75031,20190222
케이사인                                ,1650,1280,2,5,0.39,1,380,29.92,1,64.65,477163,1,238324,91617,1280,1275,3005,8524,20190222
휴네시온                                ,9820,5460,5,40,-0.73,1,2260,29.89,1,55.76,95850,1,11474,28601,5460,5450,308,400,20190222
크리스탈신소재                          ,1670,1990,5,10,-0.5,1,385,29.96,1,60.45,1001507,1,85521,161880,1995,1990,1179,20407,20190223
크리스탈신소재                          ,1670,1990,5,10,-0.5,1,385,29.96,1,60.45,1001507,1,85521,161880,1995,1990,1179,20407,20190224
크리스탈신소재                          ,1670,1990,5,10,-0.5,1,385,29.96,1,60.45,1001507,1,85521,161880,1995,1990,1179,20407,20190225
윙입푸드                                ,2410,1920,5,10,-0.52,1,555,29.92,1,101.4,337552,1,34039,70038,1920,1915,1750,500,20190226
동아화성                                ,6010,5180,2,20,0.39,1,1380,29.81,1,126.74,294822,1,6886,13096,5200,5180,451,1775,20190226
이에스에이                              ,1635,4670,2,345,7.98,1,375,29.76,1,198.25,6797376,1,100959,20342,4675,4670,16202,1599,20190226
코디엠                                  ,1045,525,5,3,-0.57,1,238,29.49,1,45.39,614523,1,55961,71268,526,525,2000,15482,20190227
동일기연                                ,16150,13150,2,250,1.94,1,3700,29.72,1,94.34,16659,1,9043,3324,13200,13150,136,410,20190228
디에스티                                ,1725,790,2,28,3.67,1,395,29.7,1,183.64,324376,1,58394,11067,790,788,3982,6,20190228
비에이치아이                            ,4630,2020,5,20,-0.98,1,1065,29.87,1,84.16,34371,1,6173,8027,2020,2010,114,129,20190228
삼보산업                                ,7860,870,2,26,3.08,1,1810,29.92,1,55.46,626181,1,20067,11137,870,869,3608,410,20190229
삼보산업                                ,7860,870,2,26,3.08,1,1810,29.92,1,55.46,626181,1,20067,11137,870,869,3608,410,20190230
삼보산업                                ,7860,870,2,26,3.08,1,1810,29.92,1,55.46,626181,1,20067,11137,870,869,3608,410,20190231
삼보산업                                ,7860,870,2,26,3.08,1,1810,29.92,1,55.46,626181,1,20067,11137,870,869,3608,410,20190301
삼보산업                                ,7860,870,2,26,3.08,1,1810,29.92,1,55.46,626181,1,20067,11137,870,869,3608,410,20190302
삼보산업                                ,7860,870,2,26,3.08,1,1810,29.92,1,55.46,626181,1,20067,11137,870,869,3608,410,20190303
삼보산업                                ,7860,870,2,26,3.08,1,1810,29.92,1,55.46,626181,1,20067,11137,870,869,3608,410,20190304
하츠                                    ,7050,7720,5,310,-3.86,1,1620,29.83,1,119.2,638546,1,5134,33286,7730,7720,30,10056,20190307
누리플랜                                ,8110,5000,5,40,-0.79,1,1870,29.97,1,86.65,13564,1,5310,1861,5020,5000,982,66,20190307
유테크                                  ,1810,2650,2,130,5.16,1,415,29.75,1,187.9,571049,1,32949,44381,2650,2645,1621,585,20190307
이엘케이                                ,825,787,0,0,0,1,190,29.92,1,0,0,1,0,0,0,0,0,0,20190308
아이엠텍                                ,995,1075,2,30,2.87,1,229,29.9,1,106.85,372270,1,59637,38430,1075,1070,1665,4808,20190309
아이엠텍                                ,995,1075,2,30,2.87,1,229,29.9,1,106.85,372270,1,59637,38430,1075,1070,1665,4808,20190310
아이엠텍                                ,995,1075,2,30,2.87,1,229,29.9,1,106.85,372270,1,59637,38430,1075,1070,1665,4808,20190311
아이엠텍                                ,1290,1075,2,30,2.87,1,295,29.65,2,106.85,372270,1,59637,38430,1075,1070,1665,4808,20190312
우리기술                                ,1550,860,5,7,-0.81,1,355,29.71,1,83.24,353769,1,34556,44108,863,860,2190,4674,20190313
슈펙스비앤피                            ,962,356,5,18,-4.81,1,222,30,1,187.9,1924656,1,60559,162820,356,355,17516,27077,20190313
에스제이케이                            ,2065,2200,2,460,26.44,1,475,29.87,1,1236.2,1728851,1,23805,3921,2200,2190,7518,95,20190313
에이비엘바이오                          ,27450,19800,2,600,3.13,1,6300,29.79,1,145.73,879828,1,89669,68488,19850,19800,7572,1517,20190313
슈펙스비앤피                            ,1250,356,5,18,-4.81,1,288,29.94,2,187.9,1924656,1,60559,162820,356,355,17516,27077,20190314
디케이락                                ,10950,9450,5,60,-0.63,1,2500,29.59,1,109.48,35517,1,2757,4872,9460,9450,80,2588,20190315
피씨엘                                  ,9380,8900,5,280,-3.05,1,2160,29.92,1,138.4,69590,1,7767,5814,8900,8860,273,1,20190315
셀리버리                                ,63900,53400,1,12250,29.77,1,14700,29.88,1,2085.46,2773371,1,0,152542,0,53400,0,142957,20190315
인트로메딕                              ,4560,6410,2,360,5.95,1,1050,29.91,1,95.32,1176764,1,62219,29716,6420,6410,5155,1570,20190316
인트로메딕                              ,4560,6410,2,360,5.95,1,1050,29.91,1,95.32,1176764,1,62219,29716,6420,6410,5155,1570,20190317
인트로메딕                              ,4560,6410,2,360,5.95,1,1050,29.91,1,95.32,1176764,1,62219,29716,6420,6410,5155,1570,20190318
드래곤플라이                            ,3510,3240,5,80,-2.41,1,810,30,1,113.68,170807,1,4067,16915,3250,3240,79,1528,20190319
미래에셋벤처투자                        ,6900,4580,2,35,0.77,1,1590,29.94,1,85.51,68053,1,13356,7304,4585,4580,8,472,20190319
인트로메딕                              ,5920,6410,2,360,5.95,1,1360,29.82,2,95.32,1176764,1,62219,29716,6420,6410,5155,1570,20190319
에스앤더블류                            ,7890,3075,5,15,-0.49,1,1820,29.98,1,43.75,10590,1,3557,4158,3075,3060,207,460,20190320
현대바이오                              ,7440,14550,2,400,2.83,1,1710,29.84,1,389.44,8198168,1,132753,179304,14600,14550,17138,18505,20190321
엔에스                                  ,14300,5750,2,10,0.17,1,3300,30,1,97.21,26932,1,5215,4706,5750,5710,2590,340,20190322
하츠                                    ,10100,7720,5,310,-3.86,1,2320,29.82,1,119.2,638546,1,5134,33286,7730,7720,30,10056,20190323
이지케어텍                              ,31950,16300,2,400,2.52,1,7350,29.88,1,221.6,58613,1,4276,9987,16350,16300,71,744,20190323
스타모빌리티                            ,2025,3075,3,0,0,1,465,29.81,1,62.42,92039,1,14678,4057,3075,3070,608,10,20190323
하츠                                    ,10100,7720,5,310,-3.86,1,2320,29.82,1,119.2,638546,1,5134,33286,7730,7720,30,10056,20190324
이지케어텍                              ,31950,16300,2,400,2.52,1,7350,29.88,1,221.6,58613,1,4276,9987,16350,16300,71,744,20190324
스타모빌리티                            ,2025,3075,3,0,0,1,465,29.81,1,62.42,92039,1,14678,4057,3075,3070,608,10,20190324
하츠                                    ,10100,7720,5,310,-3.86,1,2320,29.82,1,119.2,638546,1,5134,33286,7730,7720,30,10056,20190325
이지케어텍                              ,31950,16300,2,400,2.52,1,7350,29.88,1,221.6,58613,1,4276,9987,16350,16300,71,744,20190325
스타모빌리티                            ,2025,3075,3,0,0,1,465,29.81,1,62.42,92039,1,14678,4057,3075,3070,608,10,20190325
로보로보                                ,3285,5230,2,120,2.35,1,755,29.84,1,21.57,2267697,1,86670,67763,5240,5230,3628,1109,20190326
파세코                                  ,7300,9450,5,550,-5.5,1,1680,29.89,1,63.72,505987,1,7084,4303,9450,9440,161,393,20190327
유니맥스글로벌                          ,2995,1705,2,145,9.29,1,690,29.93,1,507.2,2882003,1,77544,41102,1710,1705,2200,954,20190327
코너스톤네트웍스                        ,421,1075,5,5,-0.46,1,97,29.94,1,293.41,1864280,1,184571,113451,1075,1070,75155,500,20190328
디젠스                                  ,608,525,5,2,-0.38,1,140,29.91,1,96.16,142353,1,33766,4724,527,525,1989,12,20190328
나이벡                                  ,12900,9490,5,240,-2.47,1,2970,29.91,1,46.94,286290,1,12853,16381,9500,9490,2985,171,20190328
스타모빌리티                            ,2150,3075,3,0,0,1,495,29.91,1,62.42,92039,1,14678,4057,3075,3070,608,10,20190328
코너스톤네트웍스                        ,547,1075,5,5,-0.46,1,126,29.93,2,293.41,1864280,1,184571,113451,1075,1070,75155,500,20190329
씨케이에이치                            ,455,346,2,5,1.47,1,105,30,1,133.24,351273,1,53209,47142,346,345,607,1,20190329
코너스톤네트웍스                        ,711,1075,5,5,-0.46,1,164,29.98,3,293.41,1864280,1,184571,113451,1075,1070,75155,500,20190330
팬스타엔터프라이즈                      ,1130,1050,2,5,0.48,1,257,29.44,1,85.45,546521,1,123419,201428,1050,1045,10471,1043,20190330
코너스톤네트웍스                        ,711,1075,5,5,-0.46,1,164,29.98,3,293.41,1864280,1,184571,113451,1075,1070,75155,500,20190331
팬스타엔터프라이즈                      ,1130,1050,2,5,0.48,1,257,29.44,1,85.45,546521,1,123419,201428,1050,1045,10471,1043,20190331
코너스톤네트웍스                        ,711,1075,5,5,-0.46,1,164,29.98,3,293.41,1864280,1,184571,113451,1075,1070,75155,500,20190401
팬스타엔터프라이즈                      ,1130,1050,2,5,0.48,1,257,29.44,1,85.45,546521,1,123419,201428,1050,1045,10471,1043,20190401
코너스톤네트웍스                        ,924,1075,5,5,-0.46,1,213,29.96,4,293.41,1864280,1,184571,113451,1075,1070,75155,500,20190402
디젠스                                  ,822,525,5,2,-0.38,1,189,29.86,1,96.16,142353,1,33766,4724,527,525,1989,12,20190402
데일리블록체인                          ,1735,541,2,3,0.56,1,400,29.96,1,199.86,334394,1,83373,30928,541,540,10971,150,20190402
THE MIDONG                              ,4015,2210,5,30,-1.34,1,925,29.94,1,96.49,64853,1,5601,19242,2210,2200,1733,2930,20190403
테라셈                                  ,1205,2945,5,45,-1.51,1,275,29.57,1,105.85,270769,1,12752,3505,2945,2935,251,500,20190403
제너셈                                  ,2665,2810,5,35,-1.23,1,615,30,1,210.55,32519,1,9139,3738,2830,2810,40,18,20190403
칩스앤미디어                            ,10250,9610,5,20,-0.21,1,2340,29.58,1,95.89,55781,1,5415,2655,9610,9600,36,110,20190404
씨트리                                  ,5610,5080,2,210,4.31,1,1290,29.86,1,220.52,425579,1,38900,12629,5090,5080,2232,4512,20190405
현대바이오                              ,11800,14550,2,400,2.83,1,2690,29.53,1,389.44,8198168,1,132753,179304,14600,14550,17138,18505,20190405
판타지오                                ,1070,532,5,4,-0.75,1,244,29.54,1,120.55,258489,1,78504,71423,533,532,3840,1296,20190406
현대바이오                              ,15300,14550,2,400,2.83,1,3500,29.66,2,389.44,8198168,1,132753,179304,14600,14550,17138,18505,20190406
현대공업                                ,3965,3175,5,65,-2.01,1,915,30,1,166.61,357435,1,4763,19843,3180,3175,1140,4793,20190406
판타지오                                ,1070,532,5,4,-0.75,1,244,29.54,1,120.55,258489,1,78504,71423,533,532,3840,1296,20190407
현대바이오                              ,15300,14550,2,400,2.83,1,3500,29.66,2,389.44,8198168,1,132753,179304,14600,14550,17138,18505,20190407
현대공업                                ,3965,3175,5,65,-2.01,1,915,30,1,166.61,357435,1,4763,19843,3180,3175,1140,4793,20190407
판타지오                                ,1070,532,5,4,-0.75,1,244,29.54,1,120.55,258489,1,78504,71423,533,532,3840,1296,20190408
현대바이오                              ,15300,14550,2,400,2.83,1,3500,29.66,2,389.44,8198168,1,132753,179304,14600,14550,17138,18505,20190408
현대공업                                ,3965,3175,5,65,-2.01,1,915,30,1,166.61,357435,1,4763,19843,3180,3175,1140,4793,20190408
인트로메딕                              ,6730,6410,2,360,5.95,1,1550,29.92,1,95.32,1176764,1,62219,29716,6420,6410,5155,1570,20190409
전파기지국                              ,3665,3830,5,20,-0.52,1,845,29.96,1,51.32,478793,1,54832,57829,3835,3830,918,4190,20190410
광진윈텍                                ,4290,2945,5,140,-4.54,1,990,30,1,125.25,133784,1,3231,24897,2950,2945,400,1436,20190411
내츄럴엔도텍                            ,9810,5150,5,250,-4.63,1,2260,29.93,1,12.81,1611071,1,13649,41892,5160,5150,1552,4227,20190411
아이엠텍                                ,1310,1075,2,30,2.87,1,300,29.7,1,106.85,372270,1,59637,38430,1075,1070,1665,4808,20190412
모바일리더                              ,17150,22600,2,600,2.73,1,3950,29.92,1,71.78,28876,1,4973,3017,22650,22600,578,1077,20190413
스킨앤스킨                              ,655,327,2,9,2.83,1,151,29.96,1,26.43,312632,1,59056,41853,327,323,5553,4967,20190413
포인트엔지니어링                        ,2980,2060,5,20,-0.96,1,685,29.85,1,167.51,91221,1,7034,41953,2065,2055,328,27,20190413
차이나그레이트                          ,488,518,0,0,0,1,112,29.79,1,0,0,1,0,0,0,0,0,0,20190413
모바일리더                              ,17150,22600,2,600,2.73,1,3950,29.92,1,71.78,28876,1,4973,3017,22650,22600,578,1077,20190414
스킨앤스킨                              ,655,327,2,9,2.83,1,151,29.96,1,26.43,312632,1,59056,41853,327,323,5553,4967,20190414
포인트엔지니어링                        ,2980,2060,5,20,-0.96,1,685,29.85,1,167.51,91221,1,7034,41953,2065,2055,328,27,20190414
차이나그레이트                          ,488,518,0,0,0,1,112,29.79,1,0,0,1,0,0,0,0,0,0,20190414
모바일리더                              ,17150,22600,2,600,2.73,1,3950,29.92,1,71.78,28876,1,4973,3017,22650,22600,578,1077,20190415
스킨앤스킨                              ,655,327,2,9,2.83,1,151,29.96,1,26.43,312632,1,59056,41853,327,323,5553,4967,20190415
포인트엔지니어링                        ,2980,2060,5,20,-0.96,1,685,29.85,1,167.51,91221,1,7034,41953,2065,2055,328,27,20190415
차이나그레이트                          ,488,518,0,0,0,1,112,29.79,1,0,0,1,0,0,0,0,0,0,20190415
큐캐피탈                                ,865,581,5,5,-0.85,1,199,29.88,1,35.76,1658523,1,212587,58820,581,580,2100,6781,20190416
키이스트                                ,4425,2770,2,65,2.4,1,1020,29.96,1,343.56,2663284,1,172922,120270,2770,2765,7415,8514,20190416
차이나그레이트                          ,634,518,0,0,0,1,146,29.92,2,0,0,1,0,0,0,0,0,0,20190416
덱스터                                  ,9070,8540,2,20,0.23,1,2090,29.94,1,58.87,651406,1,12897,30118,8550,8540,3960,911,20190417
SM Life Design                          ,2515,2345,2,45,1.96,1,580,29.97,1,86.71,6472241,1,244385,256983,2350,2345,851,965,20190418
이글벳                                  ,5440,7040,2,260,3.83,1,1250,29.83,1,124.48,1495143,1,42154,29564,7040,7030,3022,3078,20190419
동일철강                                ,5720,3970,2,10,0.25,1,1315,29.85,1,77.51,6399,1,3680,2101,3970,3965,63,5,20190423
흥구석유                                ,5530,5570,2,30,0.54,1,1270,29.81,1,82.47,234989,1,28754,25194,5580,5570,2047,1096,20190424
국일제지                                ,1330,5390,5,380,-6.59,1,305,29.76,1,34.94,25027394,1,213547,529517,5400,5390,7901,79907,20190425
동일철강                                ,6110,3970,2,10,0.25,1,1410,30,1,77.51,6399,1,3680,2101,3970,3965,63,5,20190427
지니틱스                                ,3250,3115,2,90,2.98,1,750,30,1,72.97,6285854,1,59075,60451,3120,3115,6977,12372,20190427
동일철강                                ,6110,3970,2,10,0.25,1,1410,30,1,77.51,6399,1,3680,2101,3970,3965,63,5,20190428
지니틱스                                ,3250,3115,2,90,2.98,1,750,30,1,72.97,6285854,1,59075,60451,3120,3115,6977,12372,20190428
동일철강                                ,6110,3970,2,10,0.25,1,1410,30,1,77.51,6399,1,3680,2101,3970,3965,63,5,20190429
지니틱스                                ,3250,3115,2,90,2.98,1,750,30,1,72.97,6285854,1,59075,60451,3120,3115,6977,12372,20190429
현대바이오                              ,16600,14550,2,400,2.83,1,3800,29.69,1,389.44,8198168,1,132753,179304,14600,14550,17138,18505,20190431
국일제지                                ,2220,5390,5,380,-6.59,1,510,29.82,1,34.94,25027394,1,213547,529517,5400,5390,7901,79907,20190431
현대바이오                              ,16600,14550,2,400,2.83,1,3800,29.69,1,389.44,8198168,1,132753,179304,14600,14550,17138,18505,20190501
국일제지                                ,2220,5390,5,380,-6.59,1,510,29.82,1,34.94,25027394,1,213547,529517,5400,5390,7901,79907,20190501
현대바이오                              ,16600,14550,2,400,2.83,1,3800,29.69,1,389.44,8198168,1,132753,179304,14600,14550,17138,18505,20190502
국일제지                                ,2220,5390,5,380,-6.59,1,510,29.82,1,34.94,25027394,1,213547,529517,5400,5390,7901,79907,20190502
국일제지                                ,2885,5390,5,380,-6.59,1,665,29.95,2,34.94,25027394,1,213547,529517,5400,5390,7901,79907,20190503
모바일리더                              ,27350,22600,2,600,2.73,1,6300,29.93,1,71.78,28876,1,4973,3017,22650,22600,578,1077,20190503
케이엠제약                              ,4055,2505,2,125,5.25,1,935,29.97,1,357.55,1785494,1,53969,72294,2510,2505,51,7458,20190503
크리스탈신소재                          ,2630,1990,5,10,-0.5,1,605,29.88,1,60.45,1001507,1,85521,161880,1995,1990,1179,20407,20190503
흥구석유                                ,6910,5570,2,30,0.54,1,1590,29.89,1,82.47,234989,1,28754,25194,5580,5570,2047,1096,20190504
한화에스비아이스팩                      ,2655,3145,5,35,-1.1,1,610,29.83,1,75.57,69678,1,5343,12920,3170,3145,241,646,20190504
흥구석유                                ,6910,5570,2,30,0.54,1,1590,29.89,1,82.47,234989,1,28754,25194,5580,5570,2047,1096,20190505
한화에스비아이스팩                      ,2655,3145,5,35,-1.1,1,610,29.83,1,75.57,69678,1,5343,12920,3170,3145,241,646,20190505
흥구석유                                ,6910,5570,2,30,0.54,1,1590,29.89,1,82.47,234989,1,28754,25194,5580,5570,2047,1096,20190506
한화에스비아이스팩                      ,2655,3145,5,35,-1.1,1,610,29.83,1,75.57,69678,1,5343,12920,3170,3145,241,646,20190506
흥구석유                                ,6910,5570,2,30,0.54,1,1590,29.89,1,82.47,234989,1,28754,25194,5580,5570,2047,1096,20190507
한화에스비아이스팩                      ,2655,3145,5,35,-1.1,1,610,29.83,1,75.57,69678,1,5343,12920,3170,3145,241,646,20190507
아이에이                                ,951,546,2,1,0.18,1,219,29.92,1,70.83,532125,1,63297,124366,547,546,5232,1488,20190508
엑사이엔씨                              ,2050,1895,5,55,-2.82,1,470,29.75,1,28.21,1862381,1,109444,196817,1900,1895,5103,13498,20190509
국일제지                                ,4290,5390,5,380,-6.59,1,990,30,1,34.94,25027394,1,213547,529517,5400,5390,7901,79907,20190509
한화에스비아이스팩                      ,3555,3145,5,35,-1.1,1,820,29.98,1,75.57,69678,1,5343,12920,3170,3145,241,646,20190509
오리엔트정공                            ,681,386,2,9,2.39,1,157,29.96,1,104.35,377083,1,127114,150316,386,385,1086,11046,20190510
GH신소재                                ,4040,2760,2,5,0.18,1,930,29.9,1,121.62,40699,1,11226,18466,2760,2740,770,15,20190510
한화에스비아이스팩                      ,4620,3145,5,35,-1.1,1,1065,29.96,2,75.57,69678,1,5343,12920,3170,3145,241,646,20190510
오리엔탈정공                            ,1140,813,2,3,0.37,1,262,29.84,1,666.2,50710,1,38465,13861,813,811,695,10,20190511
상보                                    ,2925,1185,5,15,-1.25,1,675,30,1,82.25,3524422,1,213050,403893,1185,1180,25574,78391,20190511
휘닉스소재                              ,882,666,5,5,-0.75,1,203,29.9,1,92.63,175629,1,23185,19318,670,666,923,703,20190511
엘엠에스                                ,8410,26700,2,500,1.91,1,1940,29.98,1,140.91,439105,1,3412,5891,26700,26650,69,10,20190511
대유에이피                              ,6760,9370,2,30,0.32,1,1560,30,1,24.3,26849,1,3223,2080,9380,9370,657,150,20190511
한화에스비아이스팩                      ,6000,3145,5,35,-1.1,1,1380,29.87,3,75.57,69678,1,5343,12920,3170,3145,241,646,20190511
오리엔탈정공                            ,1140,813,2,3,0.37,1,262,29.84,1,666.2,50710,1,38465,13861,813,811,695,10,20190512
상보                                    ,2925,1185,5,15,-1.25,1,675,30,1,82.25,3524422,1,213050,403893,1185,1180,25574,78391,20190512
휘닉스소재                              ,882,666,5,5,-0.75,1,203,29.9,1,92.63,175629,1,23185,19318,670,666,923,703,20190512
엘엠에스                                ,8410,26700,2,500,1.91,1,1940,29.98,1,140.91,439105,1,3412,5891,26700,26650,69,10,20190512
대유에이피                              ,6760,9370,2,30,0.32,1,1560,30,1,24.3,26849,1,3223,2080,9380,9370,657,150,20190512
한화에스비아이스팩                      ,6000,3145,5,35,-1.1,1,1380,29.87,3,75.57,69678,1,5343,12920,3170,3145,241,646,20190512
오리엔탈정공                            ,1140,813,2,3,0.37,1,262,29.84,1,666.2,50710,1,38465,13861,813,811,695,10,20190513
상보                                    ,2925,1185,5,15,-1.25,1,675,30,1,82.25,3524422,1,213050,403893,1185,1180,25574,78391,20190513
휘닉스소재                              ,882,666,5,5,-0.75,1,203,29.9,1,92.63,175629,1,23185,19318,670,666,923,703,20190513
엘엠에스                                ,8410,26700,2,500,1.91,1,1940,29.98,1,140.91,439105,1,3412,5891,26700,26650,69,10,20190513
대유에이피                              ,6760,9370,2,30,0.32,1,1560,30,1,24.3,26849,1,3223,2080,9380,9370,657,150,20190513
한화에스비아이스팩                      ,6000,3145,5,35,-1.1,1,1380,29.87,3,75.57,69678,1,5343,12920,3170,3145,241,646,20190513
아이즈비전                              ,6630,4015,5,15,-0.37,1,1530,30,1,64.84,43131,1,4555,10181,4025,4015,501,5,20190514
SCI평가정보                             ,2760,2895,1,665,29.82,1,635,29.88,1,4662.88,34223067,1,0,223526,0,2895,0,209125,20190514
파워넷                                  ,5930,4435,5,35,-0.78,1,1365,29.9,1,25.78,145847,1,6455,3918,4440,4435,33,119,20190514
넥슨지티                                ,17200,7360,2,70,0.96,1,3950,29.81,1,77.6,412637,1,22157,13253,7360,7350,2221,390,20190514
한화에이스스팩3호                       ,2825,2055,3,0,0,1,650,29.89,1,90.86,9644,1,17541,193043,2055,2050,718,67567,20190514
한화에이스스팩4호                       ,2765,2125,2,50,2.41,1,635,29.81,1,0,1,1,12516,31286,2100,2070,1208,1501,20190514
한화에스비아이스팩                      ,7800,3145,5,35,-1.1,1,1800,30,4,75.57,69678,1,5343,12920,3170,3145,241,646,20190514
티앤알바이오팹                          ,20150,10700,2,500,4.9,1,4650,30,1,638.82,529710,1,10882,15892,10700,10650,233,2279,20190515
엘비세미콘                              ,10450,7770,5,30,-0.38,1,2410,29.98,1,65.24,1094518,1,33793,98500,7780,7770,3230,6189,20190516
에프알텍                                ,4100,5720,2,120,2.14,1,945,29.95,1,90.51,117019,1,10189,10861,5720,5710,68,24,20190516
덕산하이메탈                            ,6070,5840,2,40,0.69,1,1400,29.98,1,107.35,26258,1,9439,7376,5850,5840,671,102,20190516
오이솔루션                              ,50700,51300,2,1300,2.6,1,11700,30,1,136.63,212289,1,36792,12146,51300,51200,1299,1563,20190516
클래시스                                ,11600,14850,2,100,0.68,1,2670,29.9,1,28.64,514729,1,62407,38049,14850,14800,17,3697,20190516
예스24                                  ,6370,6610,5,130,-1.93,1,1470,30,1,74.14,20122,1,26807,4523,6610,6600,27,1,20190517
제이스테판                              ,2245,1955,2,15,0.77,1,515,29.77,1,154.45,117610,1,22806,9964,1955,1945,7833,10,20190518
제이스테판                              ,2245,1955,2,15,0.77,1,515,29.77,1,154.45,117610,1,22806,9964,1955,1945,7833,10,20190519
제이스테판                              ,2245,1955,2,15,0.77,1,515,29.77,1,154.45,117610,1,22806,9964,1955,1945,7833,10,20190520
와이비엠넷                              ,5070,4405,2,60,1.38,1,1165,29.83,1,208.76,995313,1,13592,19958,4410,4405,2804,3443,20190521
제이스테판                              ,2915,1955,2,15,0.77,1,670,29.84,2,154.45,117610,1,22806,9964,1955,1945,7833,10,20190521
씨케이에이치                            ,492,346,2,5,1.47,1,113,29.82,1,133.24,351273,1,53209,47142,346,345,607,1,20190521
파이오링크                              ,6910,5960,2,90,1.53,1,1590,29.89,1,182.99,17341,1,2080,5065,5960,5940,324,1100,20190522
한화에스비아이스팩                      ,5470,3145,5,35,-1.1,1,1260,29.93,1,75.57,69678,1,5343,12920,3170,3145,241,646,20190522
광림                                    ,3325,2310,5,55,-2.33,1,765,29.88,1,301.77,269204,1,8874,97237,2315,2310,671,8310,20190523
상보                                    ,3435,1185,5,15,-1.25,1,790,29.87,1,82.25,3524422,1,213050,403893,1185,1180,25574,78391,20190523
에이치케이                              ,1885,1530,5,5,-0.33,1,435,30,1,80.64,78675,1,27668,75176,1530,1520,4329,11599,20190523
디알텍                                  ,2080,1560,5,10,-0.64,1,480,30,1,89.5,250832,1,68656,74283,1565,1560,3328,1445,20190523
인콘                                    ,3120,1820,5,30,-1.62,1,720,30,1,30.49,3217666,1,137709,207814,1825,1820,2969,10792,20190524
컴퍼니케이                              ,10650,8540,2,10,0.12,1,2450,29.88,1,96.19,161953,1,6833,9297,8540,8530,469,755,20190524
로보로보                                ,4490,5230,2,120,2.35,1,1035,29.96,1,21.57,2267697,1,86670,67763,5240,5230,3628,1109,20190525
싸이토젠                                ,13700,13100,5,200,-1.5,1,3150,29.86,1,102.75,423510,1,14907,29540,13200,13100,30,4985,20190525
줌인터넷                                ,4770,6390,2,40,0.63,1,1100,29.97,1,77.33,600330,1,64895,229339,6390,6380,5001,25492,20190525
로보로보                                ,4490,5230,2,120,2.35,1,1035,29.96,1,21.57,2267697,1,86670,67763,5240,5230,3628,1109,20190526
싸이토젠                                ,13700,13100,5,200,-1.5,1,3150,29.86,1,102.75,423510,1,14907,29540,13200,13100,30,4985,20190526
줌인터넷                                ,4770,6390,2,40,0.63,1,1100,29.97,1,77.33,600330,1,64895,229339,6390,6380,5001,25492,20190526
로보로보                                ,4490,5230,2,120,2.35,1,1035,29.96,1,21.57,2267697,1,86670,67763,5240,5230,3628,1109,20190527
싸이토젠                                ,13700,13100,5,200,-1.5,1,3150,29.86,1,102.75,423510,1,14907,29540,13200,13100,30,4985,20190527
줌인터넷                                ,4770,6390,2,40,0.63,1,1100,29.97,1,77.33,600330,1,64895,229339,6390,6380,5001,25492,20190527
로스웰                                  ,1510,604,5,5,-0.82,1,345,29.61,1,186.68,740182,1,96227,107821,605,604,100,868,20190528
바른손                                  ,2740,2115,2,35,1.68,1,630,29.86,1,684.64,306549,1,45728,21467,2120,2115,931,2609,20190528
바른손이앤에이                          ,2520,1620,3,0,0,1,580,29.9,1,72.85,801955,1,147246,118059,1620,1615,8443,10030,20190528
파세코                                  ,9540,9450,5,550,-5.5,1,2200,29.97,1,63.72,505987,1,7084,4303,9450,9440,161,393,20190528
컴퍼니케이                              ,14850,8540,2,10,0.12,1,3400,29.69,1,96.19,161953,1,6833,9297,8540,8530,469,755,20190528
세화피앤씨                              ,3320,2850,5,15,-0.52,1,765,29.94,1,13.54,176156,1,14822,43841,2855,2850,578,1475,20190529
에스제이케이                            ,2135,2200,2,460,26.44,1,490,29.79,1,1236.2,1728851,1,23805,3921,2200,2190,7518,95,20190530
노바텍                                  ,22450,15250,5,50,-0.33,1,5150,29.77,1,85.77,13685,1,2303,5979,15300,15250,259,680,20190530
이글벳                                  ,6600,7040,2,260,3.83,1,1520,29.92,1,124.48,1495143,1,42154,29564,7040,7030,3022,3078,20190601
유진스팩4호                             ,3250,2060,2,5,0.24,1,750,30,1,104.34,8749,1,6142,58426,2060,2055,645,101,20190601
DB금융스팩7호                           ,2700,2070,5,15,-0.72,1,620,29.81,1,13.59,1697,1,26991,78831,2085,2070,1203,333,20190601
이글벳                                  ,6600,7040,2,260,3.83,1,1520,29.92,1,124.48,1495143,1,42154,29564,7040,7030,3022,3078,20190602
유진스팩4호                             ,3250,2060,2,5,0.24,1,750,30,1,104.34,8749,1,6142,58426,2060,2055,645,101,20190602
DB금융스팩7호                           ,2700,2070,5,15,-0.72,1,620,29.81,1,13.59,1697,1,26991,78831,2085,2070,1203,333,20190602
이글벳                                  ,6600,7040,2,260,3.83,1,1520,29.92,1,124.48,1495143,1,42154,29564,7040,7030,3022,3078,20190603
유진스팩4호                             ,3250,2060,2,5,0.24,1,750,30,1,104.34,8749,1,6142,58426,2060,2055,645,101,20190603
DB금융스팩7호                           ,2700,2070,5,15,-0.72,1,620,29.81,1,13.59,1697,1,26991,78831,2085,2070,1203,333,20190603
노바텍                                  ,29050,15250,5,50,-0.33,1,6700,29.98,1,85.77,13685,1,2303,5979,15300,15250,259,680,20190604
지니틱스                                ,3720,3115,2,90,2.98,1,855,29.84,1,72.97,6285854,1,59075,60451,3120,3115,6977,12372,20190604
유진스팩4호                             ,4225,2060,2,5,0.24,1,975,30,2,104.34,8749,1,6142,58426,2060,2055,645,101,20190604
DB금융스팩7호                           ,3510,2070,5,15,-0.72,1,810,30,2,13.59,1697,1,26991,78831,2085,2070,1203,333,20190604
진바이오텍                              ,6660,7690,1,1770,29.9,1,1530,29.82,1,172.51,17227077,1,0,324028,0,7690,0,313340,20190605
고려시멘트                              ,2875,2925,2,5,0.17,1,660,29.8,1,84.29,400111,1,32472,79881,2930,2925,2537,447,20190605
에이치엔티                              ,12700,15150,5,650,-4.11,1,2910,29.72,1,113.55,207617,1,24784,17838,15150,15000,553,1251,20190606
에이치엔티                              ,12700,15150,5,650,-4.11,1,2910,29.72,1,113.55,207617,1,24784,17838,15150,15000,553,1251,20190607
에프알텍                                ,4835,5720,2,120,2.14,1,1115,29.97,1,90.51,117019,1,10189,10861,5720,5710,68,24,20190608
줌인터넷                                ,5200,6390,2,40,0.63,1,1200,30,1,77.33,600330,1,64895,229339,6390,6380,5001,25492,20190608
에프알텍                                ,4835,5720,2,120,2.14,1,1115,29.97,1,90.51,117019,1,10189,10861,5720,5710,68,24,20190609
줌인터넷                                ,5200,6390,2,40,0.63,1,1200,30,1,77.33,600330,1,64895,229339,6390,6380,5001,25492,20190609
에프알텍                                ,4835,5720,2,120,2.14,1,1115,29.97,1,90.51,117019,1,10189,10861,5720,5710,68,24,20190610
줌인터넷                                ,5200,6390,2,40,0.63,1,1200,30,1,77.33,600330,1,64895,229339,6390,6380,5001,25492,20190610
매직마이크로                            ,1655,1025,2,5,0.49,1,380,29.8,1,81.48,505249,1,135188,282949,1025,1020,5038,15461,20190611
오픈베이스                              ,3445,3230,2,100,3.19,1,795,30,1,274.87,4113071,1,89943,65591,3235,3230,11009,6723,20190612
줌인터넷                                ,6290,6390,2,40,0.63,1,1445,29.82,1,77.33,600330,1,64895,229339,6390,6380,5001,25492,20190612
UCI                                     ,2385,3500,2,60,1.74,1,550,29.97,1,370.92,266570,1,11421,17618,3510,3500,492,2888,20190614
디알텍                                  ,2500,1560,5,10,-0.64,1,575,29.87,1,89.5,250832,1,68656,74283,1565,1560,3328,1445,20190614
줌인터넷                                ,8170,6390,2,40,0.63,1,1880,29.89,1,77.33,600330,1,64895,229339,6390,6380,5001,25492,20190614
휴네시온                                ,12150,5460,5,40,-0.73,1,2800,29.95,1,55.76,95850,1,11474,28601,5460,5450,308,400,20190614
UCI                                     ,3100,3500,2,60,1.74,1,715,29.98,2,370.92,266570,1,11421,17618,3510,3500,492,2888,20190615
이스트소프트                            ,11150,7700,2,100,1.32,1,2540,29.5,1,74.22,56029,1,5498,17609,7700,7690,372,108,20190615
줌인터넷                                ,10600,6390,2,40,0.63,1,2430,29.74,2,77.33,600330,1,64895,229339,6390,6380,5001,25492,20190615
포인트엔지니어링                        ,3425,2060,5,20,-0.96,1,790,29.98,1,167.51,91221,1,7034,41953,2065,2055,328,27,20190615
UCI                                     ,3100,3500,2,60,1.74,1,715,29.98,2,370.92,266570,1,11421,17618,3510,3500,492,2888,20190616
이스트소프트                            ,11150,7700,2,100,1.32,1,2540,29.5,1,74.22,56029,1,5498,17609,7700,7690,372,108,20190616
줌인터넷                                ,10600,6390,2,40,0.63,1,2430,29.74,2,77.33,600330,1,64895,229339,6390,6380,5001,25492,20190616
포인트엔지니어링                        ,3425,2060,5,20,-0.96,1,790,29.98,1,167.51,91221,1,7034,41953,2065,2055,328,27,20190616
UCI                                     ,3100,3500,2,60,1.74,1,715,29.98,2,370.92,266570,1,11421,17618,3510,3500,492,2888,20190617
이스트소프트                            ,11150,7700,2,100,1.32,1,2540,29.5,1,74.22,56029,1,5498,17609,7700,7690,372,108,20190617
줌인터넷                                ,10600,6390,2,40,0.63,1,2430,29.74,2,77.33,600330,1,64895,229339,6390,6380,5001,25492,20190617
포인트엔지니어링                        ,3425,2060,5,20,-0.96,1,790,29.98,1,167.51,91221,1,7034,41953,2065,2055,328,27,20190617
부방                                    ,3655,3015,3,0,0,1,840,29.84,1,31.95,213081,1,12647,22102,3020,3015,2334,398,20190618
풍국주정                                ,19600,17800,2,150,0.85,1,4500,29.8,1,87.73,49193,1,14222,16745,17800,17750,450,682,20190618
UCI                                     ,4030,3500,2,60,1.74,1,930,30,3,370.92,266570,1,11421,17618,3510,3500,492,2888,20190618
한류타임즈                              ,763,917,0,0,0,1,176,29.98,1,0,0,1,0,0,0,0,0,0,20190618
알로이스                                ,4820,2520,2,55,2.23,1,1110,29.92,1,10.3,408220,1,3555,22544,2525,2520,1,135,20190618
UCI                                     ,5230,3500,2,60,1.74,1,1200,29.78,4,370.92,266570,1,11421,17618,3510,3500,492,2888,20190619
한류타임즈                              ,991,917,0,0,0,1,228,29.88,2,0,0,1,0,0,0,0,0,0,20190619
케이에스피                              ,2375,1695,3,0,0,1,545,29.78,1,83.89,5308,1,16260,10280,1700,1695,2744,1,20190619
UCI                                     ,6790,3500,2,60,1.74,1,1560,29.83,5,370.92,266570,1,11421,17618,3510,3500,492,2888,20190620
플랜티넷                                ,7080,4540,5,20,-0.44,1,1630,29.91,1,403.1,29270,1,1530,5544,4540,4535,45,7,20190620
링크제니시스                            ,7480,9010,2,260,2.97,1,1720,29.86,1,123.81,289138,1,17879,16872,9010,9000,1105,458,20190620
TPC                                     ,5200,4490,5,60,-1.32,1,1200,30,1,25.94,59207,1,2645,755,4490,4480,32,12,20190621
이트론                                  ,249,258,5,9,-3.37,1,57,29.69,1,136.1,5580294,1,548382,453701,259,258,939,168356,20190621
대창솔루션                              ,738,480,2,11,2.35,1,170,29.93,1,192.3,2596841,1,214151,154451,480,479,18335,19625,20190621
로보로보                                ,5710,5230,2,120,2.35,1,1315,29.92,1,21.57,2267697,1,86670,67763,5240,5230,3628,1109,20190621
신한제5호스팩                           ,3645,2050,5,5,-0.24,1,840,29.95,1,123.8,18493,1,8993,82341,2050,2045,17,51,20190621
바른테크놀로지                          ,1230,998,2,19,1.94,1,281,29.61,1,56.7,834589,1,228424,47786,998,995,15254,4555,20190622
셀바스헬스케어                          ,2600,1970,5,30,-1.5,1,600,30,1,37.5,161844,1,14343,12159,1970,1965,1811,611,20190622
신한제5호스팩                           ,4735,2050,5,5,-0.24,1,1090,29.9,2,123.8,18493,1,8993,82341,2050,2045,17,51,20190622
바른테크놀로지                          ,1230,998,2,19,1.94,1,281,29.61,1,56.7,834589,1,228424,47786,998,995,15254,4555,20190623
셀바스헬스케어                          ,2600,1970,5,30,-1.5,1,600,30,1,37.5,161844,1,14343,12159,1970,1965,1811,611,20190623
신한제5호스팩                           ,4735,2050,5,5,-0.24,1,1090,29.9,2,123.8,18493,1,8993,82341,2050,2045,17,51,20190623
바른테크놀로지                          ,1230,998,2,19,1.94,1,281,29.61,1,56.7,834589,1,228424,47786,998,995,15254,4555,20190624
셀바스헬스케어                          ,2600,1970,5,30,-1.5,1,600,30,1,37.5,161844,1,14343,12159,1970,1965,1811,611,20190624
신한제5호스팩                           ,4735,2050,5,5,-0.24,1,1090,29.9,2,123.8,18493,1,8993,82341,2050,2045,17,51,20190624
케이비제18호스팩                        ,2990,2050,3,0,0,1,690,30,1,119.18,18837,1,35945,135635,2035,2030,1000,13855,20190625
팍스넷                                  ,7720,8790,2,220,2.57,1,1780,29.97,1,126.15,653249,1,14948,21678,8800,8790,1449,173,20190626
대창솔루션                              ,911,480,2,11,2.35,1,210,29.96,1,192.3,2596841,1,214151,154451,480,479,18335,19625,20190626
비덴트                                  ,8770,11750,0,0,0,1,2020,29.93,1,0,0,1,0,0,0,0,0,0,20190626
셀바스헬스케어                          ,3070,1970,5,30,-1.5,1,705,29.81,1,37.5,161844,1,14343,12159,1970,1965,1811,611,20190626
대성엘텍                                ,1055,1060,2,55,5.47,1,242,29.77,1,244.24,8430142,1,405053,227229,1060,1055,3332,2990,20190627
팍스넷                                  ,10000,8790,2,220,2.57,1,2280,29.53,2,126.15,653249,1,14948,21678,8800,8790,1449,173,20190627
현대바이오                              ,20900,14550,2,400,2.83,1,4800,29.81,1,389.44,8198168,1,132753,179304,14600,14550,17138,18505,20190627
지란지교시큐리티                        ,1995,6500,3,0,0,1,460,29.97,1,121.15,25270,1,2765,9163,6500,6490,564,309,20190627
삼보산업                                ,2450,870,2,26,3.08,1,565,29.97,1,55.46,626181,1,20067,11137,870,869,3608,410,20190628
플레이위드                              ,12250,22550,5,600,-2.59,1,2810,29.77,1,112.64,176616,1,5556,4199,22550,22500,318,175,20190629
파세코                                  ,11250,9450,5,550,-5.5,1,2560,29.46,1,63.72,505987,1,7084,4303,9450,9440,161,393,20190629
유테크                                  ,1625,2650,2,130,5.16,1,375,30,1,187.9,571049,1,32949,44381,2650,2645,1621,585,20190629
플레이위드                              ,12250,22550,5,600,-2.59,1,2810,29.77,1,112.64,176616,1,5556,4199,22550,22500,318,175,20190630
파세코                                  ,11250,9450,5,550,-5.5,1,2560,29.46,1,63.72,505987,1,7084,4303,9450,9440,161,393,20190630
유테크                                  ,1625,2650,2,130,5.16,1,375,30,1,187.9,571049,1,32949,44381,2650,2645,1621,585,20190630
플레이위드                              ,12250,22550,5,600,-2.59,1,2810,29.77,1,112.64,176616,1,5556,4199,22550,22500,318,175,20190631
파세코                                  ,11250,9450,5,550,-5.5,1,2560,29.46,1,63.72,505987,1,7084,4303,9450,9440,161,393,20190631
유테크                                  ,1625,2650,2,130,5.16,1,375,30,1,187.9,571049,1,32949,44381,2650,2645,1621,585,20190631
플레이위드                              ,12250,22550,5,600,-2.59,1,2810,29.77,1,112.64,176616,1,5556,4199,22550,22500,318,175,20190701
파세코                                  ,11250,9450,5,550,-5.5,1,2560,29.46,1,63.72,505987,1,7084,4303,9450,9440,161,393,20190701
유테크                                  ,1625,2650,2,130,5.16,1,375,30,1,187.9,571049,1,32949,44381,2650,2645,1621,585,20190701
오리엔탈정공                            ,1115,813,2,3,0.37,1,256,29.8,1,666.2,50710,1,38465,13861,813,811,695,10,20190702
플레이위드                              ,15900,22550,5,600,-2.59,1,3650,29.8,2,112.64,176616,1,5556,4199,22550,22500,318,175,20190702
메지온                                  ,81900,200800,2,8300,4.31,1,18900,30,1,85.7,102817,1,2391,5288,200900,200800,348,304,20190702
플레이위드                              ,20650,22550,5,600,-2.59,1,4750,29.87,3,112.64,176616,1,5556,4199,22550,22500,318,175,20190703
비엠티                                  ,8450,6800,5,80,-1.16,1,1950,30,1,43.77,17137,1,6178,5286,6820,6800,185,113,20190703
램테크놀러지                            ,5580,8000,2,150,1.91,1,1285,29.92,1,366.6,930693,1,11157,22161,8010,8000,3336,8709,20190703
이더블유케이                            ,6210,8210,2,210,2.63,1,1430,29.92,1,29.88,89002,1,4552,5523,8250,8210,41,2983,20190703
플레이위드                              ,26800,22550,5,600,-2.59,1,6150,29.78,4,112.64,176616,1,5556,4199,22550,22500,318,175,20190704
마이크로컨텍솔                          ,3610,3130,2,50,1.62,1,830,29.86,1,64.75,79047,1,10338,13432,3130,3110,6173,544,20190704
KPX생명과학                             ,5030,8150,2,130,1.62,1,1160,29.97,1,72.76,603460,1,12334,19544,8160,8150,883,6215,20190704
마이크로프랜드                          ,6140,5580,2,180,3.33,1,1410,29.81,1,59.79,264866,1,23650,5140,5580,5570,3066,1000,20190704
켐트로스                                ,3490,3340,5,90,-2.62,1,805,29.98,1,132.74,494740,1,32996,46097,3340,3335,8826,2240,20190704
플레이위드                              ,34800,22550,5,600,-2.59,1,8000,29.85,5,112.64,176616,1,5556,4199,22550,22500,318,175,20190705
파인디앤씨                              ,2450,1815,2,5,0.28,1,565,29.97,1,113.72,51354,1,23789,21733,1815,1810,898,225,20190705
KMH하이텍                               ,1305,1100,5,10,-0.9,1,300,29.85,1,72.83,412258,1,115200,181424,1105,1100,5701,10696,20190705
테라셈                                  ,1520,2945,5,45,-1.51,1,350,29.91,1,105.85,270769,1,12752,3505,2945,2935,251,500,20190705
타이거일렉                              ,6080,4935,5,25,-0.5,1,1400,29.91,1,20.7,16291,1,1637,4257,4940,4935,30,204,20190705
드래곤플라이                            ,5530,3240,5,80,-2.41,1,1270,29.81,1,113.68,170807,1,4067,16915,3250,3240,79,1528,20190706
코오롱생명과학                          ,30600,21300,5,1500,-6.58,1,7050,29.94,1,90.3,422334,1,6401,13641,21350,21300,492,1078,20190706
테라셈                                  ,1975,2945,5,45,-1.51,1,455,29.93,2,105.85,270769,1,12752,3505,2945,2935,251,500,20190706
줌인터넷                                ,8640,6390,2,40,0.63,1,1990,29.92,1,77.33,600330,1,64895,229339,6390,6380,5001,25492,20190706
드래곤플라이                            ,5530,3240,5,80,-2.41,1,1270,29.81,1,113.68,170807,1,4067,16915,3250,3240,79,1528,20190707
코오롱생명과학                          ,30600,21300,5,1500,-6.58,1,7050,29.94,1,90.3,422334,1,6401,13641,21350,21300,492,1078,20190707
테라셈                                  ,1975,2945,5,45,-1.51,1,455,29.93,2,105.85,270769,1,12752,3505,2945,2935,251,500,20190707
줌인터넷                                ,8640,6390,2,40,0.63,1,1990,29.92,1,77.33,600330,1,64895,229339,6390,6380,5001,25492,20190707
드래곤플라이                            ,5530,3240,5,80,-2.41,1,1270,29.81,1,113.68,170807,1,4067,16915,3250,3240,79,1528,20190708
코오롱생명과학                          ,30600,21300,5,1500,-6.58,1,7050,29.94,1,90.3,422334,1,6401,13641,21350,21300,492,1078,20190708
테라셈                                  ,1975,2945,5,45,-1.51,1,455,29.93,2,105.85,270769,1,12752,3505,2945,2935,251,500,20190708
줌인터넷                                ,8640,6390,2,40,0.63,1,1990,29.92,1,77.33,600330,1,64895,229339,6390,6380,5001,25492,20190708
플레이위드                              ,45200,22550,5,600,-2.59,1,10400,29.89,1,112.64,176616,1,5556,4199,22550,22500,318,175,20190709
두올산업                                ,1315,1375,2,55,4.17,1,300,29.56,1,144.5,9917433,1,719907,306504,1380,1375,160691,6472,20190709
켐트로스                                ,4360,3340,5,90,-2.62,1,1005,29.96,1,132.74,494740,1,32996,46097,3340,3335,8826,2240,20190709
두올산업                                ,1705,1375,2,55,4.17,1,390,29.66,2,144.5,9917433,1,719907,306504,1380,1375,160691,6472,20190710
디이엔티                                ,2950,3755,2,95,2.6,1,680,29.96,1,77.85,84669,1,21690,7263,3755,3750,803,100,20190710
서암기계공업                            ,6760,6580,2,220,3.46,1,1560,30,1,232.72,144892,1,14088,31841,6580,6570,2728,6704,20190710
룽투코리아                              ,6600,6430,2,180,2.88,1,1520,29.92,1,21.93,1355867,1,94293,19995,6430,6420,513,1279,20190711
동국알앤에스                            ,3220,2380,3,0,0,1,740,29.84,1,91.3,86843,1,9639,15414,2380,2375,3452,1000,20190711
두올산업                                ,2215,1375,2,55,4.17,1,510,29.91,3,144.5,9917433,1,719907,306504,1380,1375,160691,6472,20190711
미스터블루                              ,6120,8200,2,100,1.23,1,1405,29.8,1,320.51,13553828,1,50934,37878,8210,8200,1815,3989,20190711
휴네시온                                ,6830,5460,5,40,-0.73,1,1570,29.85,1,55.76,95850,1,11474,28601,5460,5450,308,400,20190711
조이시티                                ,9230,7350,5,70,-0.94,1,2130,30,1,97.64,11313,1,733,2778,7450,7350,232,57,20190712
유티아이                                ,23700,17700,2,300,1.72,1,5450,29.86,1,36.14,109434,1,27573,7440,17700,17600,2301,4,20190712
데이타솔루션                            ,4140,3980,2,150,3.92,1,955,29.98,1,201.69,467946,1,22735,30973,3985,3980,3774,3455,20190712
미스터블루                              ,9100,8200,2,100,1.23,1,2100,30,1,320.51,13553828,1,50934,37878,8210,8200,1815,3989,20190713
휴네시온                                ,8870,5460,5,40,-0.73,1,2040,29.87,1,55.76,95850,1,11474,28601,5460,5450,308,400,20190713
미스터블루                              ,9100,8200,2,100,1.23,1,2100,30,1,320.51,13553828,1,50934,37878,8210,8200,1815,3989,20190714
휴네시온                                ,8870,5460,5,40,-0.73,1,2040,29.87,1,55.76,95850,1,11474,28601,5460,5450,308,400,20190714
미스터블루                              ,9100,8200,2,100,1.23,1,2100,30,1,320.51,13553828,1,50934,37878,8210,8200,1815,3989,20190715
휴네시온                                ,8870,5460,5,40,-0.73,1,2040,29.87,1,55.76,95850,1,11474,28601,5460,5450,308,400,20190715
셀리버리                                ,47050,53400,1,12250,29.77,1,10850,29.97,1,2085.46,2773371,1,0,152542,0,53400,0,142957,20190716
유테크                                  ,1565,2650,2,130,5.16,1,360,29.88,1,187.9,571049,1,32949,44381,2650,2645,1621,585,20190717
GV                                      ,2910,3285,2,125,3.96,1,670,29.91,1,121.24,1461181,1,71396,13735,3285,3280,5404,1649,20190718
퓨전데이타                              ,447,195,5,4,-2.01,1,103,29.94,1,24.38,5753889,1,1003117,677468,196,195,155481,5138,20190718
켐온                                    ,1955,1475,2,5,0.34,1,450,29.9,1,120.52,220884,1,78068,173025,1475,1470,9167,4347,20190718
크리스탈신소재                          ,2910,1990,5,10,-0.5,1,670,29.91,1,60.45,1001507,1,85521,161880,1995,1990,1179,20407,20190718
아진산업                                ,3350,2800,2,40,1.45,1,770,29.84,1,103.58,224190,1,46875,92747,2800,2795,261,1249,20190719
와이오엠                                ,10600,11600,5,300,-2.52,1,2420,29.58,1,128.44,198766,1,23741,30607,11600,11550,484,2561,20190719
플리토                                  ,33200,22900,5,600,-2.55,1,7650,29.94,1,60.4,128357,1,4311,10393,22950,22900,205,527,20190720
컴퍼니케이                              ,10050,8540,2,10,0.12,1,2300,29.68,1,96.19,161953,1,6833,9297,8540,8530,469,755,20190720
한화에스비아이스팩                      ,3880,3145,5,35,-1.1,1,895,29.98,1,75.57,69678,1,5343,12920,3170,3145,241,646,20190720
플리토                                  ,33200,22900,5,600,-2.55,1,7650,29.94,1,60.4,128357,1,4311,10393,22950,22900,205,527,20190721
컴퍼니케이                              ,10050,8540,2,10,0.12,1,2300,29.68,1,96.19,161953,1,6833,9297,8540,8530,469,755,20190721
한화에스비아이스팩                      ,3880,3145,5,35,-1.1,1,895,29.98,1,75.57,69678,1,5343,12920,3170,3145,241,646,20190721
플리토                                  ,33200,22900,5,600,-2.55,1,7650,29.94,1,60.4,128357,1,4311,10393,22950,22900,205,527,20190722
컴퍼니케이                              ,10050,8540,2,10,0.12,1,2300,29.68,1,96.19,161953,1,6833,9297,8540,8530,469,755,20190722
한화에스비아이스팩                      ,3880,3145,5,35,-1.1,1,895,29.98,1,75.57,69678,1,5343,12920,3170,3145,241,646,20190722
삼륭물산                                ,7570,11500,5,250,-2.13,1,1740,29.85,1,80.53,803083,1,33161,53779,11500,11450,3278,6671,20190723
한화에스비아이스팩                      ,5040,3145,5,35,-1.1,1,1160,29.9,2,75.57,69678,1,5343,12920,3170,3145,241,646,20190723
이베스트이안스팩1호                     ,2765,2060,3,0,0,1,635,29.81,1,12.75,2019,1,3554,69866,2060,2055,193,100,20190723
국일제지                                ,5840,5390,5,380,-6.59,1,1345,29.92,1,34.94,25027394,1,213547,529517,5400,5390,7901,79907,20190724
이트론                                  ,312,258,5,9,-3.37,1,72,30,1,136.1,5580294,1,548382,453701,259,258,939,168356,20190724
인포마크                                ,14200,11600,2,100,0.87,1,3250,29.68,1,65.66,1719,1,689,2280,11600,11550,65,4,20190724
이트론                                  ,405,258,5,9,-3.37,1,93,29.81,2,136.1,5580294,1,548382,453701,259,258,939,168356,20190725
대모                                    ,11300,7090,3,0,0,1,2590,29.74,1,110.13,107882,1,5813,27022,7100,7090,600,486,20190725
케이피엠테크                            ,1180,1045,2,20,1.95,1,270,29.67,1,362.28,2170455,1,423362,294973,1045,1040,23487,6983,20190726
엠아이텍                                ,5650,4525,2,5,0.11,1,1300,29.89,1,114.19,174455,1,6688,21820,4530,4525,60,963,20190726
윌링스                                  ,29600,13500,5,350,-2.53,1,6800,29.82,1,228.53,151365,1,9161,6468,13550,13500,485,850,20190726
럭슬                                    ,852,672,2,12,1.82,1,196,29.88,1,168.55,999007,1,62407,14155,678,672,1642,1111,20190727
명성티엔에스                            ,17700,14050,5,100,-0.71,1,4050,29.67,1,110.61,19948,1,5600,12480,14100,14050,346,179,20190727
럭슬                                    ,852,672,2,12,1.82,1,196,29.88,1,168.55,999007,1,62407,14155,678,672,1642,1111,20190728
명성티엔에스                            ,17700,14050,5,100,-0.71,1,4050,29.67,1,110.61,19948,1,5600,12480,14100,14050,346,179,20190728
럭슬                                    ,852,672,2,12,1.82,1,196,29.88,1,168.55,999007,1,62407,14155,678,672,1642,1111,20190729
명성티엔에스                            ,17700,14050,5,100,-0.71,1,4050,29.67,1,110.61,19948,1,5600,12480,14100,14050,346,179,20190729
럭슬                                    ,1105,672,2,12,1.82,1,253,29.69,2,168.55,999007,1,62407,14155,678,672,1642,1111,20190730
램테크놀러지                            ,8250,8000,2,150,1.91,1,1900,29.92,1,366.6,930693,1,11157,22161,8010,8000,3336,8709,20190730
이더블유케이                            ,7310,8210,2,210,2.63,1,1680,29.84,1,29.88,89002,1,4552,5523,8250,8210,41,2983,20190730
한일화학                                ,15300,13550,5,200,-1.45,1,3500,29.66,1,58.87,5152,1,3903,2261,13600,13550,56,158,20190731
바른손                                  ,2610,2115,2,35,1.68,1,600,29.85,1,684.64,306549,1,45728,21467,2120,2115,931,2609,20190731
양지사                                  ,14650,11300,2,250,2.26,1,3350,29.65,1,231.4,34180,1,8987,15451,11350,11300,397,340,20190731
켐트로스                                ,5470,3340,5,90,-2.62,1,1260,29.93,1,132.74,494740,1,32996,46097,3340,3335,8826,2240,20190731
KTH                                     ,5700,6240,2,100,1.63,1,1315,29.99,1,128.45,48728,1,5933,5759,6250,6240,80,30,20190801
드림시큐리티                            ,4100,3780,5,120,-3.08,1,945,29.95,1,31.8,2839724,1,11005,54619,3785,3780,710,11324,20190801
미스터블루                              ,7040,8200,2,100,1.23,1,1620,29.89,1,320.51,13553828,1,50934,37878,8210,8200,1815,3989,20190801
보라티알                                ,10750,8650,2,320,3.84,1,2450,29.52,1,245.14,96223,1,10099,3949,8650,8640,2212,237,20190801
대모                                    ,10400,7090,3,0,0,1,2400,30,1,110.13,107882,1,5813,27022,7100,7090,600,486,20190801
일지테크                                ,4595,4290,5,40,-0.92,1,1060,29.99,1,35.16,86250,1,15089,13206,4290,4285,2820,1565,20190803
UCI                                     ,4555,3500,2,60,1.74,1,1050,29.96,1,370.92,266570,1,11421,17618,3510,3500,492,2888,20190803
일지테크                                ,4595,4290,5,40,-0.92,1,1060,29.99,1,35.16,86250,1,15089,13206,4290,4285,2820,1565,20190804
UCI                                     ,4555,3500,2,60,1.74,1,1050,29.96,1,370.92,266570,1,11421,17618,3510,3500,492,2888,20190804
일지테크                                ,4595,4290,5,40,-0.92,1,1060,29.99,1,35.16,86250,1,15089,13206,4290,4285,2820,1565,20190805
UCI                                     ,4555,3500,2,60,1.74,1,1050,29.96,1,370.92,266570,1,11421,17618,3510,3500,492,2888,20190805
아가방컴퍼니                            ,3905,3650,5,15,-0.41,1,900,29.95,1,64.8,199930,1,22893,19872,3650,3645,1307,258,20190807
서연탑메탈                              ,2810,2870,2,55,1.95,1,645,29.79,1,151.99,92580,1,20495,7187,2885,2870,2,411,20190808
주성엔지니어링                          ,7120,7050,5,40,-0.56,1,1640,29.93,1,106.43,272333,1,12130,60864,7060,7050,1630,6631,20190808
중앙오션                                ,1820,2105,5,25,-1.17,1,420,30,1,41.15,499307,1,28361,25713,2110,2105,866,4060,20190808
엑사이엔씨                              ,2430,1895,5,55,-2.82,1,560,29.95,1,28.21,1862381,1,109444,196817,1900,1895,5103,13498,20190808
이더블유케이                            ,10700,8210,2,210,2.63,1,2460,29.85,1,29.88,89002,1,4552,5523,8250,8210,41,2983,20190808
솔트웍스                                ,3065,4900,5,35,-0.71,1,705,29.87,1,29.12,148507,1,8227,16962,4920,4900,2,4543,20190809
고려시멘트                              ,2820,2925,2,5,0.17,1,650,29.95,1,84.29,400111,1,32472,79881,2930,2925,2537,447,20190810
미스터블루                              ,8770,8200,2,100,1.23,1,2020,29.93,1,320.51,13553828,1,50934,37878,8210,8200,1815,3989,20190810
엔지스테크널러지                        ,6270,4630,5,35,-0.75,1,1445,29.95,1,68.28,8880,1,7236,1082,4630,4625,1224,10,20190810
펌텍코리아                              ,22800,16500,3,0,0,1,5250,29.91,1,56.55,108204,1,12722,18544,16550,16500,506,57,20190810
고려시멘트                              ,2820,2925,2,5,0.17,1,650,29.95,1,84.29,400111,1,32472,79881,2930,2925,2537,447,20190811
미스터블루                              ,8770,8200,2,100,1.23,1,2020,29.93,1,320.51,13553828,1,50934,37878,8210,8200,1815,3989,20190811
엔지스테크널러지                        ,6270,4630,5,35,-0.75,1,1445,29.95,1,68.28,8880,1,7236,1082,4630,4625,1224,10,20190811
펌텍코리아                              ,22800,16500,3,0,0,1,5250,29.91,1,56.55,108204,1,12722,18544,16550,16500,506,57,20190811
고려시멘트                              ,2820,2925,2,5,0.17,1,650,29.95,1,84.29,400111,1,32472,79881,2930,2925,2537,447,20190812
미스터블루                              ,8770,8200,2,100,1.23,1,2020,29.93,1,320.51,13553828,1,50934,37878,8210,8200,1815,3989,20190812
엔지스테크널러지                        ,6270,4630,5,35,-0.75,1,1445,29.95,1,68.28,8880,1,7236,1082,4630,4625,1224,10,20190812
펌텍코리아                              ,22800,16500,3,0,0,1,5250,29.91,1,56.55,108204,1,12722,18544,16550,16500,506,57,20190812
한일화학                                ,18950,13550,5,200,-1.45,1,4350,29.79,1,58.87,5152,1,3903,2261,13600,13550,56,158,20190813
솔고바이오                              ,263,230,2,1,0.44,1,60,29.56,1,24.67,857084,1,503078,364749,231,230,103140,5294,20190813
리드                                    ,2390,753,0,0,0,1,550,29.89,1,0,0,1,0,0,0,0,0,0,20190813
필링크                                  ,1440,1275,3,0,0,1,330,29.73,1,73.44,592467,1,108251,126301,1275,1270,6541,25514,20190814
아이에이네트웍스                        ,10450,6300,2,120,1.94,1,2410,29.98,1,181.28,182317,1,5148,33145,6310,6300,24,10550,20190814
매직마이크로                            ,1310,1025,2,5,0.49,1,300,29.7,1,81.48,505249,1,135188,282949,1025,1020,5038,15461,20190814
리드                                    ,3105,753,0,0,0,1,715,29.92,2,0,0,1,0,0,0,0,0,0,20190814
한화에스비아이스팩                      ,4345,3145,5,35,-1.1,1,1000,29.9,1,75.57,69678,1,5343,12920,3170,3145,241,646,20190814
에스피시스템스                          ,12700,7830,2,40,0.51,1,2900,29.59,1,60.39,36904,1,4394,3904,7830,7790,853,127,20190815
에스피시스템스                          ,12700,7830,2,40,0.51,1,2900,29.59,1,60.39,36904,1,4394,3904,7830,7790,853,127,20190816
아이에이네트웍스                        ,13700,6300,2,120,1.94,1,3150,29.86,1,181.28,182317,1,5148,33145,6310,6300,24,10550,20190817
퓨전데이타                              ,344,195,5,4,-2.01,1,79,29.81,1,24.38,5753889,1,1003117,677468,196,195,155481,5138,20190817
아이에이네트웍스                        ,13700,6300,2,120,1.94,1,3150,29.86,1,181.28,182317,1,5148,33145,6310,6300,24,10550,20190818
퓨전데이타                              ,344,195,5,4,-2.01,1,79,29.81,1,24.38,5753889,1,1003117,677468,196,195,155481,5138,20190818
아이에이네트웍스                        ,13700,6300,2,120,1.94,1,3150,29.86,1,181.28,182317,1,5148,33145,6310,6300,24,10550,20190819
퓨전데이타                              ,344,195,5,4,-2.01,1,79,29.81,1,24.38,5753889,1,1003117,677468,196,195,155481,5138,20190819
두올산업                                ,790,1375,2,55,4.17,1,182,29.93,1,144.5,9917433,1,719907,306504,1380,1375,160691,6472,20190820
비엠티                                  ,8090,6800,5,80,-1.16,1,1860,29.86,1,43.77,17137,1,6178,5286,6820,6800,185,113,20190820
안국약품                                ,11300,11700,5,100,-0.85,1,2580,29.59,1,58.85,93313,1,38877,16048,11750,11700,400,919,20190821
에이디칩스                              ,1985,1105,5,20,-1.78,1,455,29.74,1,111.71,1234658,1,112759,266724,1105,1100,22307,1766,20190821
모비스                                  ,2830,2460,5,5,-0.2,1,650,29.82,1,78.3,233106,1,22370,65392,2460,2455,1227,3649,20190821
셀루메드                                ,6890,5450,5,110,-1.98,1,1590,30,1,87.15,122876,1,14689,24890,5480,5450,140,2726,20190822
시노펙스                                ,3525,3005,2,45,1.52,1,810,29.83,1,209.53,1909373,1,49278,77647,3010,3005,4134,1155,20190823
코오롱생명과학                          ,20800,21300,5,1500,-6.58,1,4800,30,1,90.3,422334,1,6401,13641,21350,21300,492,1078,20190823
테고사이언스                            ,27650,25150,2,400,1.62,1,6350,29.81,1,70.93,30103,1,5619,4764,25200,25150,1,1354,20190823
옴니텔                                  ,1480,1670,2,190,12.84,1,340,29.82,1,1083.15,2812701,1,77580,27598,1670,1665,14278,3,20190828
썸에이지                                ,720,546,5,1,-0.18,1,166,29.96,1,58.74,989036,1,113008,55766,547,546,6046,1314,20190828
삼륭물산                                ,11850,11500,5,250,-2.13,1,2700,29.51,1,80.53,803083,1,33161,53779,11500,11450,3278,6671,20190829
인트론바이오                            ,13550,13250,2,300,2.32,1,3100,29.67,1,156.98,501427,1,94575,74559,13300,13250,5299,3430,20190829
알테오젠                                ,32200,44500,2,1400,3.25,1,7400,29.84,1,82.8,182325,1,32344,4278,44550,44500,1160,627,20190829
오성첨단소재                            ,2155,2425,5,40,-1.62,1,495,29.82,1,25.22,2854449,1,90384,290058,2430,2425,5177,61525,20190830
윙입푸드                                ,2125,1920,5,10,-0.52,1,490,29.97,1,101.4,337552,1,34039,70038,1920,1915,1750,500,20190831
제이씨케미칼                            ,5360,5560,2,50,0.91,1,1235,29.94,1,105.27,480970,1,13842,38614,5560,5550,9607,2648,20190831
윙입푸드                                ,2125,1920,5,10,-0.52,1,490,29.97,1,101.4,337552,1,34039,70038,1920,1915,1750,500,20190901
제이씨케미칼                            ,5360,5560,2,50,0.91,1,1235,29.94,1,105.27,480970,1,13842,38614,5560,5550,9607,2648,20190901
윙입푸드                                ,2125,1920,5,10,-0.52,1,490,29.97,1,101.4,337552,1,34039,70038,1920,1915,1750,500,20190902
제이씨케미칼                            ,5360,5560,2,50,0.91,1,1235,29.94,1,105.27,480970,1,13842,38614,5560,5550,9607,2648,20190902
메가엠디                                ,2515,3730,2,40,1.08,1,580,29.97,1,63.76,3204687,1,20862,61311,3730,3725,3525,7654,20190903
현성바이탈                              ,4085,2225,5,120,-5.12,1,940,29.89,1,32.6,2664603,1,69265,106138,2230,2225,2609,9261,20190903
영화테크                                ,11150,11650,2,300,2.64,1,2540,29.5,1,197.9,86405,1,17401,6156,11700,11650,117,662,20190903
바이온                                  ,1495,1375,2,30,2.23,1,345,30,1,75.58,396329,1,113853,55359,1375,1370,15785,608,20190904
케이피엠테크                            ,1280,1045,2,20,1.95,1,295,29.95,1,362.28,2170455,1,423362,294973,1045,1040,23487,6983,20190904
S&K폴리텍                               ,7420,5870,2,40,0.69,1,1710,29.95,1,135.25,118299,1,4973,14838,5880,5870,201,3029,20190904
율호                                    ,1570,1255,2,10,0.8,1,360,29.75,1,233.97,267090,1,66162,45954,1260,1255,200,2721,20190905
머큐리                                  ,12050,10350,2,200,1.97,1,2770,29.85,1,135.72,366991,1,51310,82673,10350,10300,1394,2901,20190905
아이디스                                ,27850,36800,2,950,2.65,1,6400,29.84,1,49.25,89281,1,2662,5028,36850,36800,30,897,20190905
현성바이탈                              ,3770,2225,5,120,-5.12,1,870,30,1,32.6,2664603,1,69265,106138,2230,2225,2609,9261,20190907
디케이티                                ,10650,13000,2,650,5.26,1,2450,29.88,1,148.37,406307,1,23101,13372,13050,13000,256,1148,20190907
현성바이탈                              ,3770,2225,5,120,-5.12,1,870,30,1,32.6,2664603,1,69265,106138,2230,2225,2609,9261,20190908
디케이티                                ,10650,13000,2,650,5.26,1,2450,29.88,1,148.37,406307,1,23101,13372,13050,13000,256,1148,20190908
현성바이탈                              ,3770,2225,5,120,-5.12,1,870,30,1,32.6,2664603,1,69265,106138,2230,2225,2609,9261,20190909
디케이티                                ,10650,13000,2,650,5.26,1,2450,29.88,1,148.37,406307,1,23101,13372,13050,13000,256,1148,20190909
뉴인텍                                  ,526,1360,5,30,-2.16,1,121,29.88,1,57.21,249834,1,41017,50496,1370,1360,11125,1772,20190910
바이온                                  ,1740,1375,2,30,2.23,1,400,29.85,1,75.58,396329,1,113853,55359,1375,1370,15785,608,20190910
한창산업                                ,7430,5670,5,20,-0.35,1,1710,29.9,1,55.41,12767,1,1636,1737,5670,5660,43,91,20190910
투비소프트                              ,3235,2545,2,105,4.3,1,745,29.92,1,148.64,473581,1,27588,15379,2550,2545,3724,1181,20190910
유신                                    ,24350,21150,2,400,1.93,1,5600,29.87,1,94.98,11786,1,2527,890,21150,20850,274,107,20190911
에코마이스터                            ,5660,5230,2,100,1.95,1,1300,29.82,1,91.78,83626,1,7073,12761,5240,5230,2286,1156,20190911
엑시콘                                  ,6790,6070,5,30,-0.49,1,1560,29.83,1,37.91,26402,1,5975,4484,6070,6060,768,213,20190912
엑시콘                                  ,6790,6070,5,30,-0.49,1,1560,29.83,1,37.91,26402,1,5975,4484,6070,6060,768,213,20190913
엑시콘                                  ,6790,6070,5,30,-0.49,1,1560,29.83,1,37.91,26402,1,5975,4484,6070,6060,768,213,20190914
엑시콘                                  ,6790,6070,5,30,-0.49,1,1560,29.83,1,37.91,26402,1,5975,4484,6070,6060,768,213,20190915
엑시콘                                  ,6790,6070,5,30,-0.49,1,1560,29.83,1,37.91,26402,1,5975,4484,6070,6060,768,213,20190916
중앙에너비스                            ,8450,6830,2,140,2.09,1,1950,30,1,187.23,14417,1,7706,10274,6850,6830,328,2488,20190917
현대사료                                ,16800,13100,2,100,0.77,1,3850,29.73,1,68.2,13638,1,5047,10125,13100,13050,924,417,20190917
흥구석유                                ,6530,5570,2,30,0.54,1,1500,29.82,1,82.47,234989,1,28754,25194,5580,5570,2047,1096,20190917
에코바이오                              ,5840,5340,2,190,3.69,1,1345,29.92,1,192.67,65260,1,8976,11797,5340,5320,166,1320,20190917
우진비앤지                              ,3165,2665,2,70,2.7,1,730,29.98,1,118.6,1490685,1,85359,102400,2670,2665,6695,5009,20190918
흥구석유                                ,8480,5570,2,30,0.54,1,1950,29.86,2,82.47,234989,1,28754,25194,5580,5570,2047,1096,20190918
신라에스지                              ,6860,10500,2,300,2.94,1,1580,29.92,1,53.7,86131,1,15249,5245,10600,10500,716,23,20190918
대성미생물                              ,20850,17900,2,700,4.07,1,4800,29.91,1,45.18,181254,1,11437,8542,17900,17850,1190,55,20190918
이글벳                                  ,8190,7040,2,260,3.83,1,1890,30,1,124.48,1495143,1,42154,29564,7040,7030,3022,3078,20190918
제일바이오                              ,5410,7910,2,510,6.89,1,1245,29.89,1,91.28,29036130,1,104379,27827,7910,7900,3442,6529,20190918
진바이오텍                              ,5980,7690,1,1770,29.9,1,1380,30,1,172.51,17227077,1,0,324028,0,7690,0,313340,20190918
하림                                    ,3665,2865,2,50,1.78,1,845,29.96,1,142.13,968509,1,66883,96101,2870,2865,2528,768,20190918
마니커에프앤지                          ,8980,9580,3,0,0,1,2070,29.96,1,70.33,229934,1,9214,6338,9590,9580,110,135,20190918
액션스퀘어                              ,1715,1740,2,60,3.57,1,395,29.92,1,22.47,2201798,1,93483,22037,1740,1735,16997,1,20190918
정다운                                  ,3410,2640,2,40,1.54,1,785,29.9,1,75.46,252860,1,47957,12294,2645,2640,3802,425,20190918
신라에스지                              ,8910,10500,2,300,2.94,1,2050,29.88,2,53.7,86131,1,15249,5245,10600,10500,716,23,20190919
이글벳                                  ,10600,7040,2,260,3.83,1,2410,29.43,2,124.48,1495143,1,42154,29564,7040,7030,3022,3078,20190919
아이엠텍                                ,1410,1075,2,30,2.87,1,325,29.95,1,106.85,372270,1,59637,38430,1075,1070,1665,4808,20190919
신라에스지                              ,12900,10500,2,300,2.94,1,2950,29.65,1,53.7,86131,1,15249,5245,10600,10500,716,23,20190921
신라에스지                              ,12900,10500,2,300,2.94,1,2950,29.65,1,53.7,86131,1,15249,5245,10600,10500,716,23,20190922
신라에스지                              ,12900,10500,2,300,2.94,1,2950,29.65,1,53.7,86131,1,15249,5245,10600,10500,716,23,20190923
두올산업                                ,1060,1375,2,55,4.17,1,244,29.9,1,144.5,9917433,1,719907,306504,1380,1375,160691,6472,20190924
제이씨케미칼                            ,6830,5560,2,50,0.91,1,1570,29.85,1,105.27,480970,1,13842,38614,5560,5550,9607,2648,20190924
네오오토                                ,5780,5090,2,205,4.2,1,1330,29.89,1,202.58,85664,1,18757,11329,5090,5050,4438,120,20190924
대성엘텍                                ,990,1060,2,55,5.47,1,228,29.92,1,244.24,8430142,1,405053,227229,1060,1055,3332,2990,20190925
진바이오텍                              ,7770,7690,1,1770,29.9,1,1790,29.93,1,172.51,17227077,1,0,324028,0,7690,0,313340,20190925
코리아에프티                            ,3460,3025,5,45,-1.47,1,795,29.83,1,168.9,631890,1,30463,38880,3030,3025,5795,358,20190925
팜스토리                                ,1520,1050,2,20,1.94,1,350,29.91,1,149.11,700924,1,224672,722098,1050,1045,17197,17442,20190926
마니커에프앤지                          ,11250,9580,3,0,0,1,2570,29.61,1,70.33,229934,1,9214,6338,9590,9580,110,135,20190926
마니커에프앤지                          ,15950,9580,3,0,0,1,3650,29.67,1,70.33,229934,1,9214,6338,9590,9580,110,135,20190928
알리코제약                              ,11650,16400,2,1750,11.95,1,2660,29.59,1,108.44,8841541,1,42319,20115,16400,16350,3768,2395,20190928
마니커에프앤지                          ,15950,9580,3,0,0,1,3650,29.67,1,70.33,229934,1,9214,6338,9590,9580,110,135,20190929
알리코제약                              ,11650,16400,2,1750,11.95,1,2660,29.59,1,108.44,8841541,1,42319,20115,16400,16350,3768,2395,20190929
마니커에프앤지                          ,15950,9580,3,0,0,1,3650,29.67,1,70.33,229934,1,9214,6338,9590,9580,110,135,20190930
알리코제약                              ,11650,16400,2,1750,11.95,1,2660,29.59,1,108.44,8841541,1,42319,20115,16400,16350,3768,2395,20190930
에이치엘비                              ,60400,167800,5,200,-0.12,1,13900,29.89,1,61.62,1698930,1,10663,20321,167800,167700,5524,2157,20190931
에이치엘비파워                          ,1035,2850,5,145,-4.84,1,238,29.86,1,69.31,22111636,1,76488,182880,2855,2850,7477,45158,20190931
에이치엘비생명과학                      ,9490,33800,2,900,2.74,1,2190,30,1,100.2,3454678,1,38138,29776,33800,33750,4843,3657,20190931
뉴프라이드                              ,1285,1205,5,65,-5.12,1,295,29.8,1,15.41,4517149,1,218560,629919,1205,1200,50831,161055,20190931
에이치엘비                              ,60400,167800,5,200,-0.12,1,13900,29.89,1,61.62,1698930,1,10663,20321,167800,167700,5524,2157,20191001
에이치엘비파워                          ,1035,2850,5,145,-4.84,1,238,29.86,1,69.31,22111636,1,76488,182880,2855,2850,7477,45158,20191001
에이치엘비생명과학                      ,9490,33800,2,900,2.74,1,2190,30,1,100.2,3454678,1,38138,29776,33800,33750,4843,3657,20191001
뉴프라이드                              ,1285,1205,5,65,-5.12,1,295,29.8,1,15.41,4517149,1,218560,629919,1205,1200,50831,161055,20191001
오성첨단소재                            ,2535,2425,5,40,-1.62,1,585,30,1,25.22,2854449,1,90384,290058,2430,2425,5177,61525,20191002
지엘팜텍                                ,2050,1380,2,15,1.1,1,470,29.75,1,103.6,1188137,1,64113,125568,1385,1380,500,12030,20191002
신라젠                                  ,10550,18050,5,1200,-6.23,1,2410,29.61,1,104.68,6780176,1,188579,426077,18100,18050,32696,25405,20191002
램테크놀러지                            ,8990,8000,2,150,1.91,1,2070,29.91,1,366.6,930693,1,11157,22161,8010,8000,3336,8709,20191005
블러썸엠앤씨                            ,10150,10650,2,950,9.79,1,2340,29.96,1,190.16,370513,1,14836,8682,10700,10650,2200,587,20191005
램테크놀러지                            ,8990,8000,2,150,1.91,1,2070,29.91,1,366.6,930693,1,11157,22161,8010,8000,3336,8709,20191006
블러썸엠앤씨                            ,10150,10650,2,950,9.79,1,2340,29.96,1,190.16,370513,1,14836,8682,10700,10650,2200,587,20191006
램테크놀러지                            ,8990,8000,2,150,1.91,1,2070,29.91,1,366.6,930693,1,11157,22161,8010,8000,3336,8709,20191007
블러썸엠앤씨                            ,10150,10650,2,950,9.79,1,2340,29.96,1,190.16,370513,1,14836,8682,10700,10650,2200,587,20191007
헬릭스미스                              ,93200,95900,5,900,-0.93,1,21500,29.99,1,61.72,438618,1,9812,19533,96000,95900,924,1411,20191008
신라젠                                  ,14200,18050,5,1200,-6.23,1,3250,29.68,1,104.68,6780176,1,188579,426077,18100,18050,32696,25405,20191008
싸이토젠                                ,11050,13100,5,200,-1.5,1,2550,30,1,102.75,423510,1,14907,29540,13200,13100,30,4985,20191008
올리패스                                ,23650,19900,2,700,3.65,1,5450,29.95,1,132.94,281407,1,24292,14492,20000,19900,580,2169,20191009
올리패스                                ,23650,19900,2,700,3.65,1,5450,29.95,1,132.94,281407,1,24292,14492,20000,19900,580,2169,20191010
미래SCI                                 ,588,412,2,4,0.98,1,135,29.8,1,48.52,304662,1,106024,45770,412,410,38520,521,20191011
이원컴포텍                              ,4770,7920,5,80,-1,1,1100,29.97,1,176.43,1115144,1,11388,5468,7930,7920,619,1183,20191011
로고스바이오                            ,13950,11850,2,200,1.72,1,3200,29.77,1,85.31,18854,1,9716,7371,11850,11800,1152,120,20191011
티앤알바이오팹                          ,12050,10700,2,500,4.9,1,2770,29.85,1,638.82,529710,1,10882,15892,10700,10650,233,2279,20191011
이노테라피                              ,13800,15150,3,0,0,1,3150,29.58,1,74.87,145899,1,7203,3964,15250,15150,1,67,20191011
녹십자엠에스                            ,6690,7060,5,190,-2.62,1,1540,29.9,1,63.88,272668,1,7942,19506,7070,7060,2151,8777,20191012
에스디생명공학                          ,7470,5210,2,30,0.58,1,1720,29.91,1,40.66,268737,1,30601,41776,5220,5210,12213,3688,20191012
녹십자엠에스                            ,6690,7060,5,190,-2.62,1,1540,29.9,1,63.88,272668,1,7942,19506,7070,7060,2151,8777,20191013
에스디생명공학                          ,7470,5210,2,30,0.58,1,1720,29.91,1,40.66,268737,1,30601,41776,5220,5210,12213,3688,20191013
녹십자엠에스                            ,6690,7060,5,190,-2.62,1,1540,29.9,1,63.88,272668,1,7942,19506,7070,7060,2151,8777,20191014
에스디생명공학                          ,7470,5210,2,30,0.58,1,1720,29.91,1,40.66,268737,1,30601,41776,5220,5210,12213,3688,20191014
코오롱생명과학                          ,29250,21300,5,1500,-6.58,1,6750,30,1,90.3,422334,1,6401,13641,21350,21300,492,1078,20191015
대성엘텍                                ,1145,1060,2,55,5.47,1,262,29.67,1,244.24,8430142,1,405053,227229,1060,1055,3332,2990,20191016
SM C&C                                  ,1850,1670,2,40,2.45,1,425,29.82,1,177.1,359577,1,203090,22901,1675,1670,605,358,20191016
SM Life Design                          ,2340,2345,2,45,1.96,1,540,30,1,86.71,6472241,1,244385,256983,2350,2345,851,965,20191016
디에이테크놀로지                        ,2180,2000,2,25,1.27,1,500,29.76,1,116.71,621941,1,40665,46282,2000,1995,17315,1775,20191016
에스퓨얼셀                              ,20050,20200,2,400,2.02,1,4600,29.77,1,9.11,278210,1,18684,28310,20200,20150,2406,226,20191016
이에스에이                              ,3120,4670,2,345,7.98,1,720,30,1,198.25,6797376,1,100959,20342,4675,4670,16202,1599,20191017
신스타임즈                              ,3070,6200,2,150,2.48,1,705,29.81,1,85.37,275735,1,11845,19197,6220,6200,345,379,20191017
베셀                                    ,3955,4320,2,45,1.05,1,910,29.89,1,42.91,389026,1,6269,15287,4340,4320,727,1016,20191017
테라셈                                  ,2990,2945,5,45,-1.51,1,690,30,1,105.85,270769,1,12752,3505,2945,2935,251,500,20191017
씨트리                                  ,6450,5080,2,210,4.31,1,1485,29.91,1,220.52,425579,1,38900,12629,5090,5080,2232,4512,20191018
신스타임즈                              ,3990,6200,2,150,2.48,1,920,29.97,2,85.37,275735,1,11845,19197,6220,6200,345,379,20191018
국일제지                                ,6310,5390,5,380,-6.59,1,1450,29.84,1,34.94,25027394,1,213547,529517,5400,5390,7901,79907,20191018
선데이토즈                              ,23750,19050,5,1050,-5.22,1,5450,29.78,1,168.4,407250,1,11899,28869,19100,19050,118,4114,20191018
신스타임즈                              ,5180,6200,2,150,2.48,1,1190,29.82,3,85.37,275735,1,11845,19197,6220,6200,345,379,20191019
아이엠텍                                ,1315,1075,2,30,2.87,1,300,29.56,1,106.85,372270,1,59637,38430,1075,1070,1665,4808,20191019
신스타임즈                              ,5180,6200,2,150,2.48,1,1190,29.82,3,85.37,275735,1,11845,19197,6220,6200,345,379,20191020
아이엠텍                                ,1315,1075,2,30,2.87,1,300,29.56,1,106.85,372270,1,59637,38430,1075,1070,1665,4808,20191020
신스타임즈                              ,5180,6200,2,150,2.48,1,1190,29.82,3,85.37,275735,1,11845,19197,6220,6200,345,379,20191021
아이엠텍                                ,1315,1075,2,30,2.87,1,300,29.56,1,106.85,372270,1,59637,38430,1075,1070,1665,4808,20191021
에이치엘비                              ,167800,167800,5,200,-0.12,1,38700,29.98,1,61.62,1698930,1,10663,20321,167800,167700,5524,2157,20191022
에이치엘비파워                          ,1215,2850,5,145,-4.84,1,277,29.53,1,69.31,22111636,1,76488,182880,2855,2850,7477,45158,20191022
신스타임즈                              ,6730,6200,2,150,2.48,1,1550,29.92,4,85.37,275735,1,11845,19197,6220,6200,345,379,20191022
에이치엘비생명과학                      ,28850,33800,2,900,2.74,1,6650,29.95,1,100.2,3454678,1,38138,29776,33800,33750,4843,3657,20191022
스타플렉스                              ,6270,6990,2,460,7.04,1,1445,29.95,1,406.23,328308,1,7591,11076,7000,6990,363,145,20191022
에이치엘비파워                          ,1575,2850,5,145,-4.84,1,360,29.63,2,69.31,22111636,1,76488,182880,2855,2850,7477,45158,20191023
스타플렉스                              ,8150,6990,2,460,7.04,1,1880,29.98,2,406.23,328308,1,7591,11076,7000,6990,363,145,20191023
퓨전데이타                              ,230,195,5,4,-2.01,1,53,29.94,1,24.38,5753889,1,1003117,677468,196,195,155481,5138,20191023
토박스코리아                            ,1445,1395,2,10,0.72,1,330,29.6,1,21.17,3678158,1,399246,346703,1395,1390,6942,8871,20191023
싸이토젠                                ,12350,13100,5,200,-1.5,1,2830,29.73,1,102.75,423510,1,14907,29540,13200,13100,30,4985,20191023
네이처셀                                ,9490,11450,2,800,7.51,1,2190,30,1,131.61,1266175,1,158271,110001,11500,11450,52986,24610,20191024
엔에스엔                                ,1830,1490,5,70,-4.49,1,420,29.79,1,60.32,542143,1,28049,107946,1500,1490,1700,29759,20191024
에이치엘비파워                          ,2045,2850,5,145,-4.84,1,470,29.84,3,69.31,22111636,1,76488,182880,2855,2850,7477,45158,20191024
에이치엘비생명과학                      ,37500,33800,2,900,2.74,1,8650,29.98,1,100.2,3454678,1,38138,29776,33800,33750,4843,3657,20191024
나이벡                                  ,8820,9490,5,240,-2.47,1,2030,29.9,1,46.94,286290,1,12853,16381,9500,9490,2985,171,20191024
신라젠                                  ,19300,18050,5,1200,-6.23,1,4450,29.97,1,104.68,6780176,1,188579,426077,18100,18050,32696,25405,20191024
씨유메디칼                              ,2760,2800,5,105,-3.61,1,635,29.88,1,73.11,945782,1,14378,24113,2840,2800,2078,11495,20191025
내츄럴엔도텍                            ,4775,5150,5,250,-4.63,1,1100,29.93,1,12.81,1611071,1,13649,41892,5160,5150,1552,4227,20191025
옵티시스                                ,9470,8390,2,190,2.32,1,2180,29.9,1,115.5,297496,1,12870,5175,8400,8390,2066,890,20191026
KPX생명과학                             ,6610,8150,2,130,1.62,1,1520,29.86,1,72.76,603460,1,12334,19544,8160,8150,883,6215,20191026
우리넷                                  ,13700,13350,5,500,-3.61,1,3150,29.86,1,54.68,2016671,1,34411,83739,13350,13300,1773,9821,20191026
녹십자엠에스                            ,7500,7060,5,190,-2.62,1,1730,29.98,1,63.88,272668,1,7942,19506,7070,7060,2151,8777,20191026
내츄럴엔도텍                            ,6200,5150,5,250,-4.63,1,1425,29.84,2,12.81,1611071,1,13649,41892,5160,5150,1552,4227,20191026
옵티시스                                ,9470,8390,2,190,2.32,1,2180,29.9,1,115.5,297496,1,12870,5175,8400,8390,2066,890,20191027
KPX생명과학                             ,6610,8150,2,130,1.62,1,1520,29.86,1,72.76,603460,1,12334,19544,8160,8150,883,6215,20191027
우리넷                                  ,13700,13350,5,500,-3.61,1,3150,29.86,1,54.68,2016671,1,34411,83739,13350,13300,1773,9821,20191027
녹십자엠에스                            ,7500,7060,5,190,-2.62,1,1730,29.98,1,63.88,272668,1,7942,19506,7070,7060,2151,8777,20191027
내츄럴엔도텍                            ,6200,5150,5,250,-4.63,1,1425,29.84,2,12.81,1611071,1,13649,41892,5160,5150,1552,4227,20191027
옵티시스                                ,9470,8390,2,190,2.32,1,2180,29.9,1,115.5,297496,1,12870,5175,8400,8390,2066,890,20191028
KPX생명과학                             ,6610,8150,2,130,1.62,1,1520,29.86,1,72.76,603460,1,12334,19544,8160,8150,883,6215,20191028
우리넷                                  ,13700,13350,5,500,-3.61,1,3150,29.86,1,54.68,2016671,1,34411,83739,13350,13300,1773,9821,20191028
녹십자엠에스                            ,7500,7060,5,190,-2.62,1,1730,29.98,1,63.88,272668,1,7942,19506,7070,7060,2151,8777,20191028
내츄럴엔도텍                            ,6200,5150,5,250,-4.63,1,1425,29.84,2,12.81,1611071,1,13649,41892,5160,5150,1552,4227,20191028
삼륭물산                                ,12200,11500,5,250,-2.13,1,2790,29.65,1,80.53,803083,1,33161,53779,11500,11450,3278,6671,20191029
아스타                                  ,5970,7260,5,290,-3.84,1,1375,29.92,1,65.47,341573,1,4456,11367,7270,7260,20,949,20191029
큐캐피탈                                ,652,581,5,5,-0.85,1,150,29.88,1,35.76,1658523,1,212587,58820,581,580,2100,6781,20191030
버킷스튜디오                            ,2130,2570,2,510,24.76,1,490,29.88,1,1656.5,13617207,1,12089,31701,2575,2570,52,6198,20191030
KPX생명과학                             ,8940,8150,2,130,1.62,1,2060,29.94,1,72.76,603460,1,12334,19544,8160,8150,883,6215,20191030
아스타                                  ,7760,7260,5,290,-3.84,1,1790,29.98,2,65.47,341573,1,4456,11367,7270,7260,20,949,20191030
제일바이오                              ,6760,7910,2,510,6.89,1,1560,30,1,91.28,29036130,1,104379,27827,7910,7900,3442,6529,20191031
MP한강                                  ,929,930,2,1,0.11,1,214,29.93,1,120.88,24176920,1,66947,33440,930,929,32672,5499,20191101
SCI평가정보                             ,2895,2895,1,665,29.82,1,665,29.82,1,4662.88,34223067,1,0,223526,0,2895,0,209125,20191102
진바이오텍                              ,7690,7690,1,1770,29.9,1,1770,29.9,1,172.51,17227077,1,0,324028,0,7690,0,313340,20191102
셀리버리                                ,53400,53400,1,12250,29.77,1,12250,29.77,1,2085.46,2773371,1,0,152542,0,53400,0,142957,20191102
SCI평가정보                             ,2895,2895,1,665,29.82,1,665,29.82,1,4662.88,34223067,1,0,223526,0,2895,0,209125,20191102
진바이오텍                              ,7690,7690,1,1770,29.9,1,1770,29.9,1,172.51,17227077,1,0,324028,0,7690,0,313340,20191102
셀리버리                                ,53400,53400,1,12250,29.77,1,12250,29.77,1,2085.46,2773371,1,0,152542,0,53400,0,142957,20191102
